link,title
http://dumbomoving.com/dumbo-movings-moving-forward-scholarship/,"
Dumbo Moving's Moving Forward Scholarship"
http://www.zipconferencing.com/zip-conferencing-scholarship.php,"
Zip Conferencing Scholarship"
http://www.nationaldebtrelief.com/#applyforscholarship,"
National Debt Relief Scholarship"
http://www.studyportals.eu/scholarship,"
StudyPortal's Study Abroad scholarship "
www.ibs-b.hu/how-to-apply/scholarship,"
IBS Starter Scholarships (ONLY FOR BACHELOR!)"
http://www.flosum.com/apply-flosum-scholarship/,"
Flosum 2015 Scholarship"
http://www.customerbloom.com/scholarship-program/,"
CustomerBloom's Scholarship Contest"
http://www.ironsecurity.com/scholarship-opportunity,"
2015 Iron Security College Scholarship"
http://www.humaninteractionproject.org,"
The Giving Back Program"
http://web.ibs-b.hu/starter_scholarship_1,"
2015 Remote DBA Scholarship "
http://www.annuity.org/scholarship/,"
Annuity.org Community Scholarship"
http://www.spjain.org,"
S P Jain Global Business Scholarships "
http://www.challengeyourperspectives.com/?utm_source=partner&utm_medium=email&utm_term=marketing_partner&utm_content=partner&utm_campaign=email,"
Challenge Your Perspectives 2015"
http://www.finishatthenewschool.com/,"
Public Engagement Competition 2015"
http://www.thenewschoolcompetition.com/,"
The New School Competition 2015"
http://www.reachcambridge.com/scholarship-essay-competition,"
Reach Cambridge Scholarship Essay Competition"
http://www.bluebagaward.com/,"
Blue Bag Water Innovation Award"
http://www.vsod.net/scholarship,"
Future Of The Internet Scholarship Essay Contest"
http://www.blazewifi.com/scholarship,"
Rural Students Scholarship Essay Contest"
http://www.tortugabackpacks.com/pages/study-abroad-scholarship,"
Tortuga Backpacks Study Abroad Scholarship"
http://drclyne.com/regentscollege/,"
Regent's International College/Dr. Robert Clyne Scholarship"
http://addresschange.us/scholarship,"
Special Delivery Scholarship"
http://www.sras.org/acting_in_russia,"
Acting: Stanislavsky Scholarship"
http://www.rasmussen.edu/tuition/scholarship-opportunities/achieve/,"
Achieve Scholarship"
http://www.aifsabroad.com/scholarships.asp,"
AIFS Scholarships"
http://www.trscholarships.org/index.php/en/turkiye-burslari/burs-programlari,"
Ali Kusçu Science and Technology Graduate Scholarship"
 http://www.alldaychinese.cn/,"
AllDayChinese"
http://www.aauw.org/3000/felgrawa.html,"
American Association of University Women"
http://amideast.org/abroad/about-us/scholarships/scholarships,"
AMIDEAST Education Abroad"
http://amizade.org/programs/service-learning-courses/financial-aid/,"
Amizade Global Service-Learning Scholarship"
"http://gss.uva.nl/masters-programmes/content15/application-and-admission/application-and-

admission.html","
Amsterdam Science Scholarships"
http://www.apistudyabroad.com/students/scholarships/,"
API Study Abroad Scholarships"
http://www.acu.ac.uk/,"
Association of Commonwealth Universities"
http://www.athenaabroad.com/apply-now/scholarships#learning,"
Athena Penny Scholarship"
http://iile.bard.edu,"
Bard College – Institute for International Liberal Education"
http://www.aabgu.org/osp/admissions-tuition/research-travel-grant.html,"
Ben-Gurion University Undergraduate Research Travel Grant
"
http://www.bgscholarship.com/,"
BG Scholarship"
http://www.borenawards.org/,"
Boren Scholarships and Fellowships"
http://www.educationuk.org/pls/hot_bc/page_pls_user_advice?x=&y=&a=0&d=4460,"
British Council"
https://www.brokerfish.com/2015-spring-university-scholarship,"
BrokerFish 2015 Scholarship for University Students"
http://www.bunac.org/uk/awards/,"
BUNAC Educational Scholarship Trust"
"http://www.butex.ac.uk/?

q=node/12","
BUTEX scholarship"
http://amideast.org/abroad/about-us/scholarships/scholarships,"
Cairo University Engineering Travel Grants"
http://www.athenaabroad.com/programs/study-abroad/australia-sydney/details/sydney-scholarships,"
Campion Scholarship"
"http://www.capa.org/applying?qt-

student_apply_qt=4#qt-student_apply_qt","
CAPA International Education"
http://www.spanishstudies.org/index.php?id=241,"
CC-CS Scholarship ProgramSpanish Studies Scholarship Program"
http://www.efsa.unsa.ba/ciebf/ba/scholarships,"
Centre for Islamic Economics, Banking and Finance Scholarship"
http://www.cfhi.org/web/index.php/xcms/showpage/page/Scholarships,"
CFHI Global Health Program"
http://www.challengeyourperspectives.com,"
Challenge Your Perspectives: The Swedish Scholarship Awards 2013"
http://www.bit.ly/SC-CYI13,"
Challenge Yourself India 2013 Scholarship Competition"
http://www.sras.org/language_grants_russia,"
Charles Braver Language Exploration Grants"
http://www.ciee.org/study-abroad/scholarships/gain/,"
CIEE Global Access Initiative [GAIN] Scholarship"
http://www.ciee.org/study-abroad/scholarships/lift/,"
CIEE Language Intensive Focus Track [LIFT] Scholarship"
http://www.cisabroad.com/finances-scholarships/scholarship,"
CISabroad Scholarships"
http://www.clscholarship.org/,"
Critical Language Scholarship Program"
http://www.daad.org/page/scholarship/index.v3page,"
DAAD - German Academic Exchange Service"
http://www.goennounce.com/static/scholarship/?r=ed,"
""Define Yourself"" Scholarship"
http://www.lpiabroad.com/program-details/scholarships,"
Dr. Castañeda Scholarship"
"http://mastertema.eu/menu/35-

erasmus-mundus-scholarship.html","
Erasmus Mundus scholarships"
http://yfuusa.org/scholarships/finland-us-senate-youth-exchange-program-12.php,"
Finland US Senate Youth Exchange"
http://www2.ed.gov/programs/iegpsflasf/index.html,"
Foreign Language and Area Studies Fellowships"
http://yfuusa.org/scholarships/founders-scholarship-28.php,"
Founder's Scholarship"
http://www.iie.org/en/programs/freeman-asia,"
Freeman-ASIA"
http://www.iie.org/fulbright/,"
Fulbright Scholarships"
http://fundforeducationabroad.org/applicants/,"
Fund for Education Abroad Scholarships"
http://www.studyinaustralia.gov.au/Scholarships,"
FutureUnlimited-Australia"
http://www.iie.org/gilman,"
Gilman International Scholarship Program"
"http://www.goldenkey.org/GK/GKSite/crmframes.aspx?

CallType=20&CRMID=e0I0MDVEMEE5LTAzQzEtREYxMS1CNTE0LTAwMThGRTI4MEYyQn0=&menuId=3","
Golden Key Study Abroad Scholarship"
https://www.gotchosen.com/en/evolution-games,"
GotChosen’s Evolution Games "
http://gotchosen.com/Scholarship.aspx?t=About,"
GotScholarship $20K Give Away"
http://iacks.wordpress.com/2011/10/03/2012-aks-fellowship-program-for-korean-studies/,"
Government Grant"
http://yourgreenpal.com/scholarship,"
Greenpal business scholarship"
http://www.hansardsociety.org.uk/studyandscholars,"
Hansard Scholars Programme"
http://www.studyabroadscholars.org/?utm_source=sa.com&utm_medium=scholarships,"
Hispanic Study Abroad Scholars"
http://www.iie.org/Programs/IAF-Grassroots-Development-Fellowship-Program,"
IAF Grassroots Development Fellowship Program"
http://www.trscholarships.org/index.php/en/turkiye-burslari/burs-programlari,"
Ibni Haldun Social Sciences Graduate Scholarship"
http://www.trscholarships.org/index.php/en/turkiye-burslari/burs-programlari,"
Ibni Sina Medical Sciences Scholarship Program"
 http://imperialedservices.com/study-abroad-in-cyprus/,"
Imperial Education Services - Study in Cyprus Scholarship"
http://www.watercentre.org/scholarships,"
International WaterCentre’s Masters Scholarships "
http://archaeology.tau.ac.il/internationalMA/?page_id=235,"
International MA Program in Archaeology and History of the Land of the Bible Scholarship"
http://www.interstudy.org/p/17-scholarships,"
Interstudy Scholarship"
http://www.antioch.edu/aea/apply/aea-scholarship-for-study-abroad/,"
Irwin Abrams and Paula L. Spier Study Abroad Scholarship"
http://studiesabroad.com/admissions/documents/scholarships/study/isa-scholarships,"
ISA Diversity Scholarships"
http://www.trscholarships.org/index.php/en/turkiye-burslari/burs-programlari,"
Islamic Theology Scholarship Program"
http://yfuusa.org/scholarships/japan-america-friendship-scholars-jafs-17.php,"
Japan-American Friendship Scholars (JAFS)"
http://yfuusa.org/scholarships/japan-us-senate-youth-exchange-jusse-18.php,"
Japan-U.S. Senate Youth Exchange (JUSSE)"
http://www.johncabot.edu/admissions/financial-aid-and-scholarships/scholarships/study-abroad-scholarships.aspx,"
John Cabot University Rome"
http://www.myelap.com/helpful-resources/current-participants,"
Kalyn Peterson Memorial Scholarship"
http://www.kcpinternational.com/costs/kcp-scholarship/,"
KCP Scholarship "
http://yfuusa.org/scholarships/key-clubkey-leader-scholarship-19.php,"
Key Club/Key Leader Scholarship"
http://yfuusa.org/scholarships/kikkomanfccla-scholarship-11.php,"
Kikkoman National"
http://web.hallym.ac.kr/~hyoogroup,"
Korean Government Scholarship Program (KGSP) for Foreign Students"
http://www.livfund.org/,"
LIVFund"
http://www.athenaabroad.com/programs/study-abroad/australia-sydney/details/scholarships,"
Marie McKay Global Citizen Scholarship"
http://yfuusa.org/scholarships/mazdanationwide-community-21.php,"
Mazda/Nationwide"
http://www.athenaabroad.com/apply-now/scholarships#service,"
Michele Lavagnilio Charitable Service Scholarship"
http://www.qub.ac.uk/home/StudyatQueens/InternationalStudents/InternationalScholarships/,"
MSc scholarships"
http://www.sras.org/internships_ngo_museum_theater#scholarship,"
NGO Scholarship Program"
http://www.ntu.ac.uk/art/courses/study_abroad/index.html?campaignid=studyabroad,"
Nottingham Trent University’s Scholarships for Art, Design and Built Environment students "
http://yfuusa.org/scholarships/okinawa-peace-scholarship-program-22.php,"
Okinawa Peace Scholarship Program"
http://www.oxford-royale.co.uk/scholarships-for-summer-courses---information.html,"
ORA Summer School Scholarship"
http://www.oxbridgeprograms.com,"
Oxbridge Academic Programs "
http://www.oxintstudycentre.com/programmes/oxford-summer-academy,"
Oxford Summer Academy"
http://www.pacificprime.com/resources/charity-scholarship/scholarship/,"
Pacific Prime Global Diversity Scholarship"
http://www.phikappaphi.org/Web/Awards/Study_Abroad.html,"
Phi Kappa Phi Study Abroad Grant"
http://www.ciee.org/study-abroad/scholarships/ping/#ISPS,"
Ping Foundation: CIEE International Study Program Scholarships"
http://www.ciee.org/study-abroad/scholarships/ping/#JR,"
Ping Foundation: Jennifer Ritzmann Scholarship for Studies in Tropical Biology"
http://www.ciee.org/study-abroad/scholarships/ping/#JBT,"
Ping Foundation: John E. Bowman Travel Grants"
http://www.ciee.org/study-abroad/scholarships/ping/#KM,"
Ping Foundation: Kathleen McDermott Scholarship"
http://www.ciee.org/study-abroad/scholarships/ping/#MSS,"
Ping Foundation: Michael Stohl Scholarship"
http://www.ciee.org/study-abroad/scholarships/ping/#PW,"
Ping Foundation: Peter Wollitzer Scholarship for Study in Asia"
http://www.ciee.org/study-abroad/scholarships/ping/#RBS,"
Ping Foundation: Robert B. Bailey Scholarship"
http://www.qalamcenter.com/Enrollment/IbnBattutaScholarships/tabid/260/Default.aspx,"
Qalam wa Lawh Center for Arabic Studies"
http://www.randolphcollege.edu/x17080.xml,"
Randolph College Abroad: The World in Britain "
http://www.randolphcollege.edu/x17080.xml,"
Randolph College Grant"
http://www.trscholarships.org/index.php/en/turkiye-burslari/burs-programlari,"
Research Scholarships"
"http://www.rotary.org/en/StudentsAndYouth/EducationalPrograms/AmbassadorialScholarships/Pages/ri

default.aspx","
Rotary Foundation Scholarships"
http://sorrentolingue.com/study-abroad-programs.html,"
Sant'Anna Institute-Sorrento Lingue"
http://www.unip.br,"
Scholarship program at Universidade Paulista"
http://www.athenaabroad.com/apply-now/scholarships#learning,"
Short-Term Service Scholarship"
http://studiesabroad.com/admissions/documents/scholarships/study/isa-scholarships,"
Sibling and Repeat Student Grants"
http://yfuusa.org/scholarships/skylink-travel-house-73.php,"
Skylink Travel House"
http://www.sras.org/research_grants_russia,"
SRAS Research Grants"
http://www.studyabroadineurope.com/pages.aspx?id=20&t=Scholarship,"
Study Abroad Europe Scholarship"
http://www.sustainabilitylabs.org/gsf/program/application-requirements/,"
Sustainability Laboratory Fellowship  Scholarship"
http://www.swea.org/scholarship___3650.aspx,"
Swedish Women's Educational Association, New Jersey Chapter"
http://studiesabroad.com/admissions/documents/scholarships/study/isa-scholarships,"
The Dr. Carlos E. Castañeda Memorial Scholarship and Correspondent Internship Opportunity"
http://gotchosen.com/MonthlyScholarship.aspx,"

The GotChosen $1000 Every Month Scholarship"
http://studiesabroad.com/admissions/documents/scholarships/study/isa-scholarships,"
The Michaela Farnum Memorial Scholarship"
http://bit.ly/SC-SB13,"
The Swedish-Brazilian Scholarship Competition"
http://www.sras.org/internship_russian_translation,"
Translation: The Reset Grant"
http://www.trscholarships.org/index.php/en/turkiye-burslari/burs-programlari,"
Türkiye Scholarship"
http://www.universitylanguage.com/scholarships/competition/,"
University Language Services Study Abroad Scholarship"
"http://www.universum-

ks.org","
Universum"
http://usac.unr.edu/moneymatters/financing/scholarships.aspx,"
USAC Scholarships"
http://www.athenaabroad.com/apply-now/scholarships#learning,"
Vincent I. Benander Learning Scholarship $1,000"
http://yfuusa.org/scholarships/the-yfu-americas-scholarship-25.php,"
YFU Americas"
http://yfuusa.org/scholarships/yfu-stiftung-26.php,"
YFU Stiftung"
http://yfuusa.org/scholarships/yfu-stipendium-program-to-germany-23.php,"
YFU Stipendium"
http://yfuusa.org/american-students/scholarships.php,"
Youth For Understanding Scholarships"
http://www.trscholarships.org/index.php/en/turkiye-burslari/burs-programlari,"
Yunus Emre Turkish Language Scholarship Program"
link,title
http://dumbomoving.com/dumbo-movings-moving-forward-scholarship/,"
Dumbo Moving's Moving Forward Scholarship"
http://www.zipconferencing.com/zip-conferencing-scholarship.php,"
Zip Conferencing Scholarship"
http://www.nationaldebtrelief.com/#applyforscholarship,"
National Debt Relief Scholarship"
http://www.studyportals.eu/scholarship,"
StudyPortal's Study Abroad scholarship "
www.ibs-b.hu/how-to-apply/scholarship,"
IBS Starter Scholarships (ONLY FOR BACHELOR!)"
http://www.flosum.com/apply-flosum-scholarship/,"
Flosum 2015 Scholarship"
http://www.customerbloom.com/scholarship-program/,"
CustomerBloom's Scholarship Contest"
http://www.ironsecurity.com/scholarship-opportunity,"
2015 Iron Security College Scholarship"
http://www.humaninteractionproject.org,"
The Giving Back Program"
http://web.ibs-b.hu/starter_scholarship_1,"
2015 Remote DBA Scholarship "
http://www.annuity.org/scholarship/,"
Annuity.org Community Scholarship"
http://www.spjain.org,"
S P Jain Global Business Scholarships "
http://www.challengeyourperspectives.com/?utm_source=partner&utm_medium=email&utm_term=marketing_partner&utm_content=partner&utm_campaign=email,"
Challenge Your Perspectives 2015"
http://www.finishatthenewschool.com/,"
Public Engagement Competition 2015"
http://www.thenewschoolcompetition.com/,"
The New School Competition 2015"
http://www.reachcambridge.com/scholarship-essay-competition,"
Reach Cambridge Scholarship Essay Competition"
http://www.bluebagaward.com/,"
Blue Bag Water Innovation Award"
http://www.vsod.net/scholarship,"
Future Of The Internet Scholarship Essay Contest"
http://www.blazewifi.com/scholarship,"
Rural Students Scholarship Essay Contest"
http://www.tortugabackpacks.com/pages/study-abroad-scholarship,"
Tortuga Backpacks Study Abroad Scholarship"
http://drclyne.com/regentscollege/,"
Regent's International College/Dr. Robert Clyne Scholarship"
http://addresschange.us/scholarship,"
Special Delivery Scholarship"
http://www.sras.org/acting_in_russia,"
Acting: Stanislavsky Scholarship"
http://www.rasmussen.edu/tuition/scholarship-opportunities/achieve/,"
Achieve Scholarship"
http://www.aifsabroad.com/scholarships.asp,"
AIFS Scholarships"
http://www.trscholarships.org/index.php/en/turkiye-burslari/burs-programlari,"
Ali Kusçu Science and Technology Graduate Scholarship"
 http://www.alldaychinese.cn/,"
AllDayChinese"
http://www.aauw.org/3000/felgrawa.html,"
American Association of University Women"
http://amideast.org/abroad/about-us/scholarships/scholarships,"
AMIDEAST Education Abroad"
http://amizade.org/programs/service-learning-courses/financial-aid/,"
Amizade Global Service-Learning Scholarship"
"http://gss.uva.nl/masters-programmes/content15/application-and-admission/application-and-

admission.html","
Amsterdam Science Scholarships"
http://www.apistudyabroad.com/students/scholarships/,"
API Study Abroad Scholarships"
http://www.acu.ac.uk/,"
Association of Commonwealth Universities"
http://www.athenaabroad.com/apply-now/scholarships#learning,"
Athena Penny Scholarship"
http://iile.bard.edu,"
Bard College – Institute for International Liberal Education"
http://www.aabgu.org/osp/admissions-tuition/research-travel-grant.html,"
Ben-Gurion University Undergraduate Research Travel Grant
"
http://www.bgscholarship.com/,"
BG Scholarship"
http://www.borenawards.org/,"
Boren Scholarships and Fellowships"
http://www.educationuk.org/pls/hot_bc/page_pls_user_advice?x=&y=&a=0&d=4460,"
British Council"
https://www.brokerfish.com/2015-spring-university-scholarship,"
BrokerFish 2015 Scholarship for University Students"
http://www.bunac.org/uk/awards/,"
BUNAC Educational Scholarship Trust"
"http://www.butex.ac.uk/?

q=node/12","
BUTEX scholarship"
http://amideast.org/abroad/about-us/scholarships/scholarships,"
Cairo University Engineering Travel Grants"
http://www.athenaabroad.com/programs/study-abroad/australia-sydney/details/sydney-scholarships,"
Campion Scholarship"
"http://www.capa.org/applying?qt-

student_apply_qt=4#qt-student_apply_qt","
CAPA International Education"
http://www.spanishstudies.org/index.php?id=241,"
CC-CS Scholarship ProgramSpanish Studies Scholarship Program"
http://www.efsa.unsa.ba/ciebf/ba/scholarships,"
Centre for Islamic Economics, Banking and Finance Scholarship"
http://www.cfhi.org/web/index.php/xcms/showpage/page/Scholarships,"
CFHI Global Health Program"
http://www.challengeyourperspectives.com,"
Challenge Your Perspectives: The Swedish Scholarship Awards 2013"
http://www.bit.ly/SC-CYI13,"
Challenge Yourself India 2013 Scholarship Competition"
http://www.sras.org/language_grants_russia,"
Charles Braver Language Exploration Grants"
http://www.ciee.org/study-abroad/scholarships/gain/,"
CIEE Global Access Initiative [GAIN] Scholarship"
http://www.ciee.org/study-abroad/scholarships/lift/,"
CIEE Language Intensive Focus Track [LIFT] Scholarship"
http://www.cisabroad.com/finances-scholarships/scholarship,"
CISabroad Scholarships"
http://www.clscholarship.org/,"
Critical Language Scholarship Program"
http://www.daad.org/page/scholarship/index.v3page,"
DAAD - German Academic Exchange Service"
http://www.goennounce.com/static/scholarship/?r=ed,"
""Define Yourself"" Scholarship"
http://www.lpiabroad.com/program-details/scholarships,"
Dr. Castañeda Scholarship"
"http://mastertema.eu/menu/35-

erasmus-mundus-scholarship.html","
Erasmus Mundus scholarships"
http://yfuusa.org/scholarships/finland-us-senate-youth-exchange-program-12.php,"
Finland US Senate Youth Exchange"
http://www2.ed.gov/programs/iegpsflasf/index.html,"
Foreign Language and Area Studies Fellowships"
http://yfuusa.org/scholarships/founders-scholarship-28.php,"
Founder's Scholarship"
http://www.iie.org/en/programs/freeman-asia,"
Freeman-ASIA"
http://www.iie.org/fulbright/,"
Fulbright Scholarships"
http://fundforeducationabroad.org/applicants/,"
Fund for Education Abroad Scholarships"
http://www.studyinaustralia.gov.au/Scholarships,"
FutureUnlimited-Australia"
http://www.iie.org/gilman,"
Gilman International Scholarship Program"
"http://www.goldenkey.org/GK/GKSite/crmframes.aspx?

CallType=20&CRMID=e0I0MDVEMEE5LTAzQzEtREYxMS1CNTE0LTAwMThGRTI4MEYyQn0=&menuId=3","
Golden Key Study Abroad Scholarship"
https://www.gotchosen.com/en/evolution-games,"
GotChosen’s Evolution Games "
http://gotchosen.com/Scholarship.aspx?t=About,"
GotScholarship $20K Give Away"
http://iacks.wordpress.com/2011/10/03/2012-aks-fellowship-program-for-korean-studies/,"
Government Grant"
http://yourgreenpal.com/scholarship,"
Greenpal business scholarship"
http://www.hansardsociety.org.uk/studyandscholars,"
Hansard Scholars Programme"
http://www.studyabroadscholars.org/?utm_source=sa.com&utm_medium=scholarships,"
Hispanic Study Abroad Scholars"
http://www.iie.org/Programs/IAF-Grassroots-Development-Fellowship-Program,"
IAF Grassroots Development Fellowship Program"
http://www.trscholarships.org/index.php/en/turkiye-burslari/burs-programlari,"
Ibni Haldun Social Sciences Graduate Scholarship"
http://www.trscholarships.org/index.php/en/turkiye-burslari/burs-programlari,"
Ibni Sina Medical Sciences Scholarship Program"
 http://imperialedservices.com/study-abroad-in-cyprus/,"
Imperial Education Services - Study in Cyprus Scholarship"
http://www.watercentre.org/scholarships,"
International WaterCentre’s Masters Scholarships "
http://archaeology.tau.ac.il/internationalMA/?page_id=235,"
International MA Program in Archaeology and History of the Land of the Bible Scholarship"
http://www.interstudy.org/p/17-scholarships,"
Interstudy Scholarship"
http://www.antioch.edu/aea/apply/aea-scholarship-for-study-abroad/,"
Irwin Abrams and Paula L. Spier Study Abroad Scholarship"
http://studiesabroad.com/admissions/documents/scholarships/study/isa-scholarships,"
ISA Diversity Scholarships"
http://www.trscholarships.org/index.php/en/turkiye-burslari/burs-programlari,"
Islamic Theology Scholarship Program"
http://yfuusa.org/scholarships/japan-america-friendship-scholars-jafs-17.php,"
Japan-American Friendship Scholars (JAFS)"
http://yfuusa.org/scholarships/japan-us-senate-youth-exchange-jusse-18.php,"
Japan-U.S. Senate Youth Exchange (JUSSE)"
http://www.johncabot.edu/admissions/financial-aid-and-scholarships/scholarships/study-abroad-scholarships.aspx,"
John Cabot University Rome"
http://www.myelap.com/helpful-resources/current-participants,"
Kalyn Peterson Memorial Scholarship"
http://www.kcpinternational.com/costs/kcp-scholarship/,"
KCP Scholarship "
http://yfuusa.org/scholarships/key-clubkey-leader-scholarship-19.php,"
Key Club/Key Leader Scholarship"
http://yfuusa.org/scholarships/kikkomanfccla-scholarship-11.php,"
Kikkoman National"
http://web.hallym.ac.kr/~hyoogroup,"
Korean Government Scholarship Program (KGSP) for Foreign Students"
http://www.livfund.org/,"
LIVFund"
http://www.athenaabroad.com/programs/study-abroad/australia-sydney/details/scholarships,"
Marie McKay Global Citizen Scholarship"
http://yfuusa.org/scholarships/mazdanationwide-community-21.php,"
Mazda/Nationwide"
http://www.athenaabroad.com/apply-now/scholarships#service,"
Michele Lavagnilio Charitable Service Scholarship"
http://www.qub.ac.uk/home/StudyatQueens/InternationalStudents/InternationalScholarships/,"
MSc scholarships"
http://www.sras.org/internships_ngo_museum_theater#scholarship,"
NGO Scholarship Program"
http://www.ntu.ac.uk/art/courses/study_abroad/index.html?campaignid=studyabroad,"
Nottingham Trent University’s Scholarships for Art, Design and Built Environment students "
http://yfuusa.org/scholarships/okinawa-peace-scholarship-program-22.php,"
Okinawa Peace Scholarship Program"
http://www.oxford-royale.co.uk/scholarships-for-summer-courses---information.html,"
ORA Summer School Scholarship"
http://www.oxbridgeprograms.com,"
Oxbridge Academic Programs "
http://www.oxintstudycentre.com/programmes/oxford-summer-academy,"
Oxford Summer Academy"
http://www.pacificprime.com/resources/charity-scholarship/scholarship/,"
Pacific Prime Global Diversity Scholarship"
http://www.phikappaphi.org/Web/Awards/Study_Abroad.html,"
Phi Kappa Phi Study Abroad Grant"
http://www.ciee.org/study-abroad/scholarships/ping/#ISPS,"
Ping Foundation: CIEE International Study Program Scholarships"
http://www.ciee.org/study-abroad/scholarships/ping/#JR,"
Ping Foundation: Jennifer Ritzmann Scholarship for Studies in Tropical Biology"
http://www.ciee.org/study-abroad/scholarships/ping/#JBT,"
Ping Foundation: John E. Bowman Travel Grants"
http://www.ciee.org/study-abroad/scholarships/ping/#KM,"
Ping Foundation: Kathleen McDermott Scholarship"
http://www.ciee.org/study-abroad/scholarships/ping/#MSS,"
Ping Foundation: Michael Stohl Scholarship"
http://www.ciee.org/study-abroad/scholarships/ping/#PW,"
Ping Foundation: Peter Wollitzer Scholarship for Study in Asia"
http://www.ciee.org/study-abroad/scholarships/ping/#RBS,"
Ping Foundation: Robert B. Bailey Scholarship"
http://www.qalamcenter.com/Enrollment/IbnBattutaScholarships/tabid/260/Default.aspx,"
Qalam wa Lawh Center for Arabic Studies"
http://www.randolphcollege.edu/x17080.xml,"
Randolph College Abroad: The World in Britain "
http://www.randolphcollege.edu/x17080.xml,"
Randolph College Grant"
http://www.trscholarships.org/index.php/en/turkiye-burslari/burs-programlari,"
Research Scholarships"
"http://www.rotary.org/en/StudentsAndYouth/EducationalPrograms/AmbassadorialScholarships/Pages/ri

default.aspx","
Rotary Foundation Scholarships"
http://sorrentolingue.com/study-abroad-programs.html,"
Sant'Anna Institute-Sorrento Lingue"
http://www.unip.br,"
Scholarship program at Universidade Paulista"
http://www.athenaabroad.com/apply-now/scholarships#learning,"
Short-Term Service Scholarship"
http://studiesabroad.com/admissions/documents/scholarships/study/isa-scholarships,"
Sibling and Repeat Student Grants"
http://yfuusa.org/scholarships/skylink-travel-house-73.php,"
Skylink Travel House"
http://www.sras.org/research_grants_russia,"
SRAS Research Grants"
http://www.studyabroadineurope.com/pages.aspx?id=20&t=Scholarship,"
Study Abroad Europe Scholarship"
http://www.sustainabilitylabs.org/gsf/program/application-requirements/,"
Sustainability Laboratory Fellowship  Scholarship"
http://www.swea.org/scholarship___3650.aspx,"
Swedish Women's Educational Association, New Jersey Chapter"
http://studiesabroad.com/admissions/documents/scholarships/study/isa-scholarships,"
The Dr. Carlos E. Castañeda Memorial Scholarship and Correspondent Internship Opportunity"
http://gotchosen.com/MonthlyScholarship.aspx,"

The GotChosen $1000 Every Month Scholarship"
http://studiesabroad.com/admissions/documents/scholarships/study/isa-scholarships,"
The Michaela Farnum Memorial Scholarship"
http://bit.ly/SC-SB13,"
The Swedish-Brazilian Scholarship Competition"
http://www.sras.org/internship_russian_translation,"
Translation: The Reset Grant"
http://www.trscholarships.org/index.php/en/turkiye-burslari/burs-programlari,"
Türkiye Scholarship"
http://www.universitylanguage.com/scholarships/competition/,"
University Language Services Study Abroad Scholarship"
"http://www.universum-

ks.org","
Universum"
http://usac.unr.edu/moneymatters/financing/scholarships.aspx,"
USAC Scholarships"
http://www.athenaabroad.com/apply-now/scholarships#learning,"
Vincent I. Benander Learning Scholarship $1,000"
http://yfuusa.org/scholarships/the-yfu-americas-scholarship-25.php,"
YFU Americas"
http://yfuusa.org/scholarships/yfu-stiftung-26.php,"
YFU Stiftung"
http://yfuusa.org/scholarships/yfu-stipendium-program-to-germany-23.php,"
YFU Stipendium"
http://yfuusa.org/american-students/scholarships.php,"
Youth For Understanding Scholarships"
http://www.trscholarships.org/index.php/en/turkiye-burslari/burs-programlari,"
Yunus Emre Turkish Language Scholarship Program"
