name,enrollment,rank,tuitionFee,link,image_urls,images,location
Williams College,2077,1,"$48,310 (2014-15)",/best-colleges/williams-college-2229,http://colleges.usnews.rankingsandreviews.com/img/college-photo_13333._130x0.jpg,"[{'url': 'http://colleges.usnews.rankingsandreviews.com/img/college-photo_13333._130x0.jpg', 'path': 'full/7bc25e5e19b412b9b83abab97516001e04463e03.jpg', 'checksum': 'ea4b2b2cb9f26ac1034b6cb5a7d08866'}]","Williamstown, MA"
Amherst College,1785,2,"$48,526 (2014-15)",/best-colleges/amherst-college-2115,http://colleges.usnews.rankingsandreviews.com/img/college-photo_16559._130x0.jpg,"[{'url': 'http://colleges.usnews.rankingsandreviews.com/img/college-photo_16559._130x0.jpg', 'path': 'full/bf00661921210c695ffc4641187f046c47747ffd.jpg', 'checksum': '1131e8497ad34a157a4ac9a412bfc80e'}]","Amherst, MA"
Swarthmore College,1534,3,"$46,060 (2014-15)",/best-colleges/swarthmore-college-3370,http://colleges.usnews.rankingsandreviews.com/img/college-photo_4807._130x0.JPG,"[{'url': 'http://colleges.usnews.rankingsandreviews.com/img/college-photo_4807._130x0.JPG', 'path': 'full/252700a42da403eb8de15af7021b34ad0e7568a8.jpg', 'checksum': '60cde9d5be7f3a7938324c41b38913f3'}]","Swarthmore, PA"
Wellesley College,2474,4,"$45,078 (2014-15)",/best-colleges/wellesley-college-2224,http://colleges.usnews.rankingsandreviews.com/img/college-photo_15149._130x0.jpg,"[{'url': 'http://colleges.usnews.rankingsandreviews.com/img/college-photo_15149._130x0.jpg', 'path': 'full/2271958283c2448d12e9e2457084c716ee45c14b.jpg', 'checksum': '36a5762de8990a1b25df4aba32a92559'}]","Wellesley, MA"
Bowdoin College,1795,5,"$46,808 (2014-15)",/best-colleges/bowdoin-college-2038,http://colleges.usnews.rankingsandreviews.com/img/college-photo_19126._130x0.jpg,"[{'url': 'http://colleges.usnews.rankingsandreviews.com/img/college-photo_19126._130x0.jpg', 'path': 'full/b518f7385a59e86b3a831f8d9e6d756b6e1169ba.jpg', 'checksum': 'fe2fac164c8e27576236423ee79fec95'}]","Brunswick, ME"
Pomona College,1612,5,"$45,832 (2014-15)",/best-colleges/pomona-college-1173,http://colleges.usnews.rankingsandreviews.com/img/college-photo_8857._130x0.jpg,"[{'url': 'http://colleges.usnews.rankingsandreviews.com/img/college-photo_8857._130x0.jpg', 'path': 'full/1e8a3a4f4f4b1470a8ec13ca77bfaba5c284e991.jpg', 'checksum': 'be8a9147b6609f1ea5c3483f3525ee45'}]","Claremont, CA"
Middlebury College,2495,7,"$46,044 (2014-15)",/best-colleges/middlebury-college-3691,http://colleges.usnews.rankingsandreviews.com/img/college-photo_4767._130x0.jpg,"[{'url': 'http://colleges.usnews.rankingsandreviews.com/img/college-photo_4767._130x0.jpg', 'path': 'full/0882f56a91d65edb6016ab7df559c138155658f2.jpg', 'checksum': 'f961d1bf98b82821a9cccd1ba1b5a509'}]","Middlebury, VT"
Carleton College,2045,8,"$47,736 (2014-15)",/best-colleges/carleton-college-2340,http://colleges.usnews.rankingsandreviews.com/img/college-photo_134._130x0.jpg,"[{'url': 'http://colleges.usnews.rankingsandreviews.com/img/college-photo_134._130x0.jpg', 'path': 'full/1d5642e1065951732075e44f68b3085fac929efd.jpg', 'checksum': 'e9d59aa28815a0d46cc41a10dfebd725'}]","Northfield, MN"
Claremont McKenna College,1316,8,"$47,395 (2014-15)",/best-colleges/claremont-mckenna-college-1170,http://colleges.usnews.rankingsandreviews.com/img/college-photo_12820._130x0.jpg,"[{'url': 'http://colleges.usnews.rankingsandreviews.com/img/college-photo_12820._130x0.jpg', 'path': 'full/014cdfe1ef3c974fe10adb358e5c6b03a5121303.jpg', 'checksum': '6469ccbf1b4490b3e86307dae8bf89c7'}]","Claremont, CA"
Haverford College,1187,8,"$47,214 (2014-15)",/best-colleges/haverford-college-3274,http://colleges.usnews.rankingsandreviews.com/img/college-photo_20560._130x0.jpg,"[{'url': 'http://colleges.usnews.rankingsandreviews.com/img/college-photo_20560._130x0.jpg', 'path': 'full/7ee0fabb75b30e4ccef2b69554fda79504664259.jpg', 'checksum': '98204189df0a9b9d5f5d8a93785fb767'}]","Haverford, PA"
Davidson College,1788,11,"$45,377 (2014-15)",/best-colleges/davidson-college-2918,http://colleges.usnews.rankingsandreviews.com/img/college-photo_1965._130x0.jpg,"[{'url': 'http://colleges.usnews.rankingsandreviews.com/img/college-photo_1965._130x0.jpg', 'path': 'full/6180b2832f64d5c03844cfd7e82f30b29fb549a3.jpg', 'checksum': '7844041eb5a61fc3db2551c81533e816'}]","Davidson, NC"
Vassar College,2477,11,"$49,570 (2014-15)",/best-colleges/vassar-college-2895,http://colleges.usnews.rankingsandreviews.com/img/college-photo_10729._130x0.jpg,"[{'url': 'http://colleges.usnews.rankingsandreviews.com/img/college-photo_10729._130x0.jpg', 'path': 'full/b53cfcee1dd424429c49c5590da0d44ab746045d.jpg', 'checksum': 'b48a8631d9f6ff8ee2c3abd3160072d5'}]","Poughkeepsie, NY"
United States Naval Academy,4526,13,In-state: $0 (2014-15) Out-state: $0 (2014-15),/best-colleges/naval-academy-2101,http://colleges.usnews.rankingsandreviews.com/img/college-photo_10378._130x0.jpg,"[{'url': 'http://colleges.usnews.rankingsandreviews.com/img/college-photo_10378._130x0.jpg', 'path': 'full/d24d957ccb3bd097bffd17f478c8fd582d5f8068.jpg', 'checksum': '8a7fd7be3b3a9e8ef93e45e1c6b4968d'}]","Annapolis, MD"
Washington and Lee University,1855,14,"$45,617 (2014-15)",/best-colleges/washington-and-lee-3768,http://colleges.usnews.rankingsandreviews.com/img/college-photo_4002._130x0.jpg,"[{'url': 'http://colleges.usnews.rankingsandreviews.com/img/college-photo_4002._130x0.jpg', 'path': 'full/f5bb5f8f40cbf736d54a17c2810335cc955f9a9e.jpg', 'checksum': 'fbc6c704dfec3b41334b462c3910f008'}]","Lexington, VA"
Colby College,1820,15,"$47,350 (2014-15)",/best-colleges/colby-college-2039,http://colleges.usnews.rankingsandreviews.com/img/college-photo_5786._130x0.jpg,"[{'url': 'http://colleges.usnews.rankingsandreviews.com/img/college-photo_5786._130x0.jpg', 'path': 'full/d0ded13c04260e4ac04370872c3373e0ad79eda7.jpg', 'checksum': 'b9f702952223c855f8708fa045202416'}]","Waterville, ME"
Hamilton College,1926,15,"$47,820 (2014-15)",/best-colleges/hamilton-college-2728,http://colleges.usnews.rankingsandreviews.com/img/college-photo_2246._130x0.jpg,"[{'url': 'http://colleges.usnews.rankingsandreviews.com/img/college-photo_2246._130x0.jpg', 'path': 'full/deede5dfb6e8889efbe8a79ab9edbc7bf76130df.jpg', 'checksum': '7c7979313a8044cc9f42ffaaf328bda7'}]","Clinton, NY"
Harvey Mudd College,807,15,"$48,594 (2014-15)",/best-colleges/harvey-mudd-college-1171,http://colleges.usnews.rankingsandreviews.com/img/college-photo_19453._130x0.jpg,"[{'url': 'http://colleges.usnews.rankingsandreviews.com/img/college-photo_19453._130x0.jpg', 'path': 'full/24f050c4e11e9a7f90f540d6dc28d5c072c4d000.jpg', 'checksum': 'efd017a5dff6fc3accbe6447e9aa966d'}]","Claremont, CA"
Wesleyan University,2906,15,"$47,972 (2014-15)",/best-colleges/wesleyan-university-1424,http://colleges.usnews.rankingsandreviews.com/img/college-photo_12794._130x0.jpg,"[{'url': 'http://colleges.usnews.rankingsandreviews.com/img/college-photo_12794._130x0.jpg', 'path': 'full/9706d27270a2ae8e92eae957f2ac9b0a3d56a9c2.jpg', 'checksum': '5a3912d6cd31d309e93ed273df41b097'}]","Middletown, CT"
Bates College,1791,19,"$47,030 (2014-15)",/best-colleges/bates-college-2036,http://colleges.usnews.rankingsandreviews.com/img/college-photo_2669._130x0.jpg,"[{'url': 'http://colleges.usnews.rankingsandreviews.com/img/college-photo_2669._130x0.jpg', 'path': 'full/0f90a744a044b8723d8d3d3b141af24fbd9ea6c6.jpg', 'checksum': 'c7da2bb3265b903ded6436a029d75b45'}]","Lewiston, ME"
Grinnell College,1721,19,"$45,620 (2014-15)",/best-colleges/grinnell-college-1868,http://colleges.usnews.rankingsandreviews.com/img/college-photo_11550._130x0.jpg,"[{'url': 'http://colleges.usnews.rankingsandreviews.com/img/college-photo_11550._130x0.jpg', 'path': 'full/c8787ea14da402beb33af486f84eb67accb56672.jpg', 'checksum': '5ff1e827e1c4fcd86f779493b131fcc1'}]","Grinnell, IA"
Smith College,2606,19,"$44,724 (2014-15)",/best-colleges/smith-college-2209,http://colleges.usnews.rankingsandreviews.com/img/college-photo_15882._130x0.jpg,"[{'url': 'http://colleges.usnews.rankingsandreviews.com/img/college-photo_15882._130x0.jpg', 'path': 'full/92aab1b39ef7d42ab60f69544a127df557b09f7d.jpg', 'checksum': '4debf9e6cb69bf3e08618d4768c3e74b'}]","Northampton, MA"
Colgate University,2890,22,"$48,175 (2014-15)",/best-colleges/colgate-university-2701,http://colleges.usnews.rankingsandreviews.com/img/college-photo_4532._130x0.jpg,"[{'url': 'http://colleges.usnews.rankingsandreviews.com/img/college-photo_4532._130x0.jpg', 'path': 'full/e3c5b1fc2ebceac33f66420fa669c9286dc64ca9.jpg', 'checksum': '8db3e4666b96cd878f563b2e5c0bcbe8'}]","Hamilton, NY"
Oberlin College,2894,23,"$48,682 (2014-15)",/best-colleges/oberlin-college-3086,http://colleges.usnews.rankingsandreviews.com/img/college-photo_100._130x0.JPG,"[{'url': 'http://colleges.usnews.rankingsandreviews.com/img/college-photo_100._130x0.JPG', 'path': 'full/3a9a0e7da8147716c6f5187705e22a4487dbdb48.jpg', 'checksum': '7c853aa8ee5318e4e39b51135ada2c0a'}]","Oberlin, OH"
Macalester College,2039,24,"$47,195 (2014-15)",/best-colleges/macalester-college-2358,http://colleges.usnews.rankingsandreviews.com/img/college-photo_3845._130x0.jpg,"[{'url': 'http://colleges.usnews.rankingsandreviews.com/img/college-photo_3845._130x0.jpg', 'path': 'full/b5fc72985c3c1f71ac9e1e304b8789e478d794dc.jpg', 'checksum': '69d588734b0af5b397dbd3adb857c2dc'}]","St. Paul, MN"
Scripps College,990,24,"$47,378 (2014-15)",/best-colleges/scripps-college-1174,http://colleges.usnews.rankingsandreviews.com/img/college-photo_17231._130x0.jpg,"[{'url': 'http://colleges.usnews.rankingsandreviews.com/img/college-photo_17231._130x0.jpg', 'path': 'full/b69c08775197973be37f2e21d26f2944f9b878f6.jpg', 'checksum': '1d3a3776eb2921a7b56d99e24a8e5fcd'}]","Claremont, CA"
United States Military Academy,4591,24,In-state: $0 (2014-15) Out-state: $0 (2014-15),/best-colleges/west-point-2893,http://colleges.usnews.rankingsandreviews.com/img/college-photo_5060._130x0.jpg,"[{'url': 'http://colleges.usnews.rankingsandreviews.com/img/college-photo_5060._130x0.jpg', 'path': 'full/99d543badf40efc8b469478a54ad06a3000ce3ae.jpg', 'checksum': '3c9cefe335c1fce2ee0018cc831348aa'}]","West Point, NY"
United States Air Force Academy,3993,27,In-state: $0 (2014-15) Out-state: $0 (2014-15),/best-colleges/air-force-academy-1369,http://static.usnews.com/images/ah/education-school-image-default.png,"[{'url': 'http://static.usnews.com/images/ah/education-school-image-default.png', 'path': 'full/f14ee9e2f3817eeb49751889efbfb0b5643db72a.jpg', 'checksum': '683ccc0597a38a839942d8275b105350'}]","USAF Academy, CO"
Bryn Mawr College,1328,27,"$45,540 (2014-15)",/best-colleges/bryn-mawr-college-3237,http://colleges.usnews.rankingsandreviews.com/img/college-photo_17441._130x0.jpg,"[{'url': 'http://colleges.usnews.rankingsandreviews.com/img/college-photo_17441._130x0.jpg', 'path': 'full/3e6e435b881c2056385de923f26a2a95ae78cbf3.jpg', 'checksum': '26f2a4bf33f1956c14a6c3f7739d9f51'}]","Bryn Mawr, PA"
Colorado College,2040,27,"$46,410 (2014-15)",/best-colleges/colorado-college-1347,http://colleges.usnews.rankingsandreviews.com/img/college-photo_19455._130x0.jpg,"[{'url': 'http://colleges.usnews.rankingsandreviews.com/img/college-photo_19455._130x0.jpg', 'path': 'full/7c890d05b28e6f2358e3aa9eb7c9957010a1e590.jpg', 'checksum': '48b449d1884e4da70e823fff98a3ccd5'}]","Colorado Springs, CO"
Kenyon College,1705,30,"$47,330 (2014-15)",/best-colleges/kenyon-college-3065,http://colleges.usnews.rankingsandreviews.com/img/college-photo_1800._130x0.jpg,"[{'url': 'http://colleges.usnews.rankingsandreviews.com/img/college-photo_1800._130x0.jpg', 'path': 'full/99fdabc9db2a38a35cf3a0675470e6418b70a875.jpg', 'checksum': 'e0aaf273517d1f3a0b6a1bf7d83708ba'}]","Gambier, OH"
University of Richmond,2983,30,"$46,680 (2014-15)",/best-colleges/university-of-richmond-3744,http://colleges.usnews.rankingsandreviews.com/img/college-photo_19062._130x0.jpg,"[{'url': 'http://colleges.usnews.rankingsandreviews.com/img/college-photo_19062._130x0.jpg', 'path': 'full/046715fdbc2d1e78dc21972c64f26ace33d0a9c6.jpg', 'checksum': '2c34fba01215d313f921effb567c6dd3'}]","Univ. of Richmond, VA"
Barnard College,2489,32,"$46,040 (2014-15)",/best-colleges/barnard-college-2708,http://static.usnews.com/images/ah/education-school-image-default.png,"[{'url': 'http://static.usnews.com/images/ah/education-school-image-default.png', 'path': 'full/f14ee9e2f3817eeb49751889efbfb0b5643db72a.jpg', 'checksum': '683ccc0597a38a839942d8275b105350'}]","New York, NY"
Bucknell University,3532,32,"$48,498 (2014-15)",/best-colleges/bucknell-university-3238,http://colleges.usnews.rankingsandreviews.com/img/college-photo_189._130x0.jpg,"[{'url': 'http://colleges.usnews.rankingsandreviews.com/img/college-photo_189._130x0.jpg', 'path': 'full/83f3e9c28c561fae0fedd2fa9543393722eccc3c.jpg', 'checksum': 'b4f29fd01861637240d4eef01c41df4c'}]","Lewisburg, PA"
College of the Holy Cross,2912,34,"$45,692 (2014-15)",/best-colleges/holy-cross-2141,http://colleges.usnews.rankingsandreviews.com/img/college-photo_14208._130x0.jpg,"[{'url': 'http://colleges.usnews.rankingsandreviews.com/img/college-photo_14208._130x0.jpg', 'path': 'full/f7c42c7c87a20b85ec9d432d830b076bf7ff44cd.jpg', 'checksum': 'da71311d1d2e201c12ea156071a30948'}]","Worcester, MA"
Lafayette College,2486,35,"$45,635 (2014-15)",/best-colleges/lafayette-college-3284,http://colleges.usnews.rankingsandreviews.com/img/college-photo_17468._130x0.jpg,"[{'url': 'http://colleges.usnews.rankingsandreviews.com/img/college-photo_17468._130x0.jpg', 'path': 'full/2d4a22e237a1672aed53c27ef9835e7161be204b.jpg', 'checksum': '380fdfb63cf8f73e8c8a06e42a70c325'}]","Easton, PA"
Pitzer College,1081,35,"$46,992 (2014-15)",/best-colleges/pitzer-college-1172,http://colleges.usnews.rankingsandreviews.com/img/college-photo_14562._130x0.jpg,"[{'url': 'http://colleges.usnews.rankingsandreviews.com/img/college-photo_14562._130x0.jpg', 'path': 'full/92742184e3308c3429227c393de3ff0e903bffc7.jpg', 'checksum': 'ad328c4c5f188664511e7a9ee3909de2'}]","Claremont, CA"
Dickinson College,2396,37,"$47,692 (2014-15)",/best-colleges/dickinson-college-3253,http://colleges.usnews.rankingsandreviews.com/img/college-photo_13942._130x0.jpg,"[{'url': 'http://colleges.usnews.rankingsandreviews.com/img/college-photo_13942._130x0.jpg', 'path': 'full/437aafef55aa4a37b6a1baf933d41fae15f0d8f0.jpg', 'checksum': '280a216691f2180cc778c39c78d30dd0'}]","Carlisle, PA"
Franklin and Marshall College,2297,37,"$48,514 (2014-15)",/best-colleges/franklin-and-marshall-college-3265,http://colleges.usnews.rankingsandreviews.com/img/college-photo_76._130x0.jpg,"[{'url': 'http://colleges.usnews.rankingsandreviews.com/img/college-photo_76._130x0.jpg', 'path': 'full/1fa19854842f989cfe33738a0e8d37df98d229cd.jpg', 'checksum': '438a36506a0be357322c7423e5eab648'}]","Lancaster, PA"
Skidmore College,2684,37,"$47,314 (2014-15)",/best-colleges/skidmore-college-2814,http://colleges.usnews.rankingsandreviews.com/img/college-photo_1317._130x0.jpg,"[{'url': 'http://colleges.usnews.rankingsandreviews.com/img/college-photo_1317._130x0.jpg', 'path': 'full/1b214d06c7d94efefc6237acd015d6170f98e9e0.jpg', 'checksum': 'e827975f6c9167a4d425e150bc86835f'}]","Saratoga Springs, NY"
Whitman College,1541,37,"$44,800 (2014-15)",/best-colleges/whitman-college-3803,http://colleges.usnews.rankingsandreviews.com/img/college-photo_2032._130x0.jpg,"[{'url': 'http://colleges.usnews.rankingsandreviews.com/img/college-photo_2032._130x0.jpg', 'path': 'full/598fc862da85b9504f0992b79e55b69b0a4d520c.jpg', 'checksum': 'd717a37d5ba1ae5abf62f4f4561112e6'}]","Walla Walla, WA"
Mount Holyoke College,2183,41,"$42,656 (2014-15)",/best-colleges/mount-holyoke-college-2192,http://colleges.usnews.rankingsandreviews.com/img/college-photo_21501._130x0.jpg,"[{'url': 'http://colleges.usnews.rankingsandreviews.com/img/college-photo_21501._130x0.jpg', 'path': 'full/55bdcc4891216f1e5a79f6b73d86e257a29412c5.jpg', 'checksum': '504ed4f850598f048eee8d118a34b9a3'}]","South Hadley, MA"
Soka University of America,412,41,"$30,214 (2014-15)",/best-colleges/soka-university-of-america-38144,http://colleges.usnews.rankingsandreviews.com/img/college-photo_13364._130x0.jpg,"[{'url': 'http://colleges.usnews.rankingsandreviews.com/img/college-photo_13364._130x0.jpg', 'path': 'full/225773a8553802fb5ff5c2a381f5bd900c0bdb41.jpg', 'checksum': '5f97f0bba3c83706352e061cd93da686'}]","Aliso Viejo, CA"
Union College,2246,41,"$48,384 (2014-15)",/best-colleges/union-college-new-york-2889,http://colleges.usnews.rankingsandreviews.com/img/college-photo_21560._130x0.jpg,"[{'url': 'http://colleges.usnews.rankingsandreviews.com/img/college-photo_21560._130x0.jpg', 'path': 'full/1a04f69dac353f2d91dc08ed55d8abe536d76848.jpg', 'checksum': '3805504dbfa0b9137a8c3e97bcf9d271'}]","Schenectady, NY"
Occidental College,2128,44,"$47,522 (2014-15)",/best-colleges/occidental-college-1249,http://colleges.usnews.rankingsandreviews.com/img/college-photo_3291._130x0.jpg,"[{'url': 'http://colleges.usnews.rankingsandreviews.com/img/college-photo_3291._130x0.jpg', 'path': 'full/25df228c06001c3a3863a5a18a34e33c759599dd.jpg', 'checksum': 'eadb5956e10ad6c4241c43942eb68181'}]","Los Angeles, CA"
Bard College,2022,45,"$48,240 (2014-15)",/best-colleges/bard-college-2671,http://colleges.usnews.rankingsandreviews.com/img/college-photo_8770._130x0.jpg,"[{'url': 'http://colleges.usnews.rankingsandreviews.com/img/college-photo_8770._130x0.jpg', 'path': 'full/d1c615304b3beb85af1260ac10560b9dedfa6593.jpg', 'checksum': '152497f22cdf6a98464fa25b5d8bab06'}]","Annandale on Hudson, NY"
Centre College,1381,45,"$37,100 (2014-15)",/best-colleges/centre-college-1961,http://colleges.usnews.rankingsandreviews.com/img/college-photo_15579._130x0.jpg,"[{'url': 'http://colleges.usnews.rankingsandreviews.com/img/college-photo_15579._130x0.jpg', 'path': 'full/51652cf4826bc4b2ce21b17103c9ee1b2b951131.jpg', 'checksum': '8363c379535c7c81925e0245e486c477'}]","Danville, KY"
Connecticut College,1915,45,"$47,740 (2014-15)",/best-colleges/connecticut-college-1379,http://colleges.usnews.rankingsandreviews.com/img/college-photo_22790._130x0.jpg,"[{'url': 'http://colleges.usnews.rankingsandreviews.com/img/college-photo_22790._130x0.jpg', 'path': 'full/a659232130acd80fbb79ce01f8782c38de11106b.jpg', 'checksum': '97aedd36805ed6f2afb2f10fc460ee5d'}]","New London, CT"
Sewanee--University of the South,1620,45,"$37,100 (2014-15)",/best-colleges/sewanee-3534,http://colleges.usnews.rankingsandreviews.com/img/college-photo_4368._130x0.jpg,"[{'url': 'http://colleges.usnews.rankingsandreviews.com/img/college-photo_4368._130x0.jpg', 'path': 'full/a4dce3c957085f05231c389d86ceba1d264e1906.jpg', 'checksum': '98facb0ab4a70cc7435123654adf270f'}]","Sewanee, TN"
Trinity College,2331,45,"$49,056 (2014-15)",/best-colleges/trinity-college-1414,http://colleges.usnews.rankingsandreviews.com/img/college-photo_23697._130x0.jpg,"[{'url': 'http://colleges.usnews.rankingsandreviews.com/img/college-photo_23697._130x0.jpg', 'path': 'full/b6fa18ed6bdaede362d8b8f347bbe9cf66a1049e.jpg', 'checksum': 'f619feb9217dc2945de072e630f34f7c'}]","Hartford, CT"
Gettysburg College,2533,50,"$47,480 (2014-15)",/best-colleges/gettysburg-college-3268,http://colleges.usnews.rankingsandreviews.com/img/college-photo_4439._130x0.JPG,"[{'url': 'http://colleges.usnews.rankingsandreviews.com/img/college-photo_4439._130x0.JPG', 'path': 'full/42c112e4c4c116a677446a9e34a46e727f828674.jpg', 'checksum': 'ec18cf10e4aba52e008a67cb8f43724e'}]","Gettysburg, PA"
Denison University,2274,51,"$45,670 (2014-15)",/best-colleges/denison-university-3042,http://colleges.usnews.rankingsandreviews.com/img/college-photo_4143._130x0.jpg,"[{'url': 'http://colleges.usnews.rankingsandreviews.com/img/college-photo_4143._130x0.jpg', 'path': 'full/5270639532746d86a328e583394cb8fc8db39ab7.jpg', 'checksum': '322bc0563ec405f8febe5e5186e2c3ec'}]","Granville, OH"
DePauw University,2304,51,"$42,746 (2014-15)",/best-colleges/depauw-university-1792,http://colleges.usnews.rankingsandreviews.com/img/college-photo_303._130x0.jpg,"[{'url': 'http://colleges.usnews.rankingsandreviews.com/img/college-photo_303._130x0.jpg', 'path': 'full/1bb5ecb472172bf3fd01d933e086fd639c797d85.jpg', 'checksum': '96643d77f652ff83ddc0214f404bc8cb'}]","Greencastle, IN"
Furman University,2798,51,"$44,668 (2014-15)",/best-colleges/furman-university-3434,http://colleges.usnews.rankingsandreviews.com/img/college-photo_1977._130x0.jpg,"[{'url': 'http://colleges.usnews.rankingsandreviews.com/img/college-photo_1977._130x0.jpg', 'path': 'full/ea17947b33ded28dcfb77f921e9f3268cb7cf114.jpg', 'checksum': '817cc75d8a703942cb589046110773b4'}]","Greenville, SC"
Rhodes College,2027,54,"$41,572 (2014-15)",/best-colleges/rhodes-college-3519,http://colleges.usnews.rankingsandreviews.com/img/college-photo_2562._130x0.jpg,"[{'url': 'http://colleges.usnews.rankingsandreviews.com/img/college-photo_2562._130x0.jpg', 'path': 'full/810c1fc99cb9b03cbcccd963e29144da6390ad8b.jpg', 'checksum': '61464bfc5a86d8e7a14b10b87ad010c4'}]","Memphis, TN"
St. Olaf College,3125,54,"$41,700 (2014-15)",/best-colleges/st-olaf-college-2382,http://colleges.usnews.rankingsandreviews.com/img/college-photo_5194._130x0.jpg,"[{'url': 'http://colleges.usnews.rankingsandreviews.com/img/college-photo_5194._130x0.jpg', 'path': 'full/4081e880bea606a6a42a73638d32d474cd4e8b6e.jpg', 'checksum': '65c50e53f98941432ed56f2dede3b3a6'}]","Northfield, MN"
St. John's College,443,56,"$47,826 (2014-15)",/best-colleges/st-johns-college-maryland-2092,http://static.usnews.com/images/ah/education-school-image-default.png,"[{'url': 'http://static.usnews.com/images/ah/education-school-image-default.png', 'path': 'full/f14ee9e2f3817eeb49751889efbfb0b5643db72a.jpg', 'checksum': '683ccc0597a38a839942d8275b105350'}]","Annapolis, MD"
St. Lawrence University,2414,56,"$47,696 (2014-15)",/best-colleges/st-lawrence-university-2829,http://colleges.usnews.rankingsandreviews.com/img/college-photo_9462._130x0.JPG,"[{'url': 'http://colleges.usnews.rankingsandreviews.com/img/college-photo_9462._130x0.JPG', 'path': 'full/47a0708f946c3b0c0c826a64771c1f131a35870b.jpg', 'checksum': '11f8a2507a597836dfc72b0b6e353749'}]","Canton, NY"
Wheaton College,2444,56,"$31,900 (2014-15)",/best-colleges/wheaton-college-illinois-1781,http://colleges.usnews.rankingsandreviews.com/img/college-photo_6272._130x0.JPG,"[{'url': 'http://colleges.usnews.rankingsandreviews.com/img/college-photo_6272._130x0.JPG', 'path': 'full/cdcf7e95627f77da94e7194b6b2fb85d6ef6f80e.jpg', 'checksum': 'dafec574f75099f92655ef06ea8ad210'}]","Wheaton, IL"
Lawrence University,1555,59,"$42,657 (2014-15)",/best-colleges/lawrence-university-3856,http://colleges.usnews.rankingsandreviews.com/img/college-photo_3152._130x0.jpg,"[{'url': 'http://colleges.usnews.rankingsandreviews.com/img/college-photo_3152._130x0.jpg', 'path': 'full/0b69d85c02a7eae19275dd3de00f61d2fc56f532.jpg', 'checksum': '8dc915450a369ecaf1e8cacf4de83f68'}]","Appleton, WI"
Sarah Lawrence College,1471,59,"$50,780 (2014-15)",/best-colleges/sarah-lawrence-2813,http://colleges.usnews.rankingsandreviews.com/img/college-photo_23346._130x0.jpg,"[{'url': 'http://colleges.usnews.rankingsandreviews.com/img/college-photo_23346._130x0.jpg', 'path': 'full/45f355dcaba0ceb9dd86d6cfdd05037b6003693b.jpg', 'checksum': '9911a916cbdd842e0ca72c629a41cfc9'}]","Bronxville, NY"
Beloit College,1306,61,"$42,500 (2014-15)",/best-colleges/beloit-college-3835,http://colleges.usnews.rankingsandreviews.com/img/college-photo_10257._130x0.jpg,"[{'url': 'http://colleges.usnews.rankingsandreviews.com/img/college-photo_10257._130x0.jpg', 'path': 'full/f970dcd8ec1d330bde8ccc2b710ebd1892e3ca8c.jpg', 'checksum': '9a32dba46d98ec99abf5ce0d34cb96a5'}]","Beloit, WI"
Hobart and William Smith Colleges,2368,61,"$47,908 (2014-15)",/best-colleges/hobart-and-william-2731,http://colleges.usnews.rankingsandreviews.com/img/college-photo_23966._130x0.jpg,"[{'url': 'http://colleges.usnews.rankingsandreviews.com/img/college-photo_23966._130x0.jpg', 'path': 'full/f3093d288596533b88ee3ed5f70370c4f829e945.jpg', 'checksum': '4da8d4d294e5e1f647f36ade3f596817'}]","Geneva, NY"
Wabash College,902,61,"$37,750 (2014-15)",/best-colleges/wabash-college-1844,http://colleges.usnews.rankingsandreviews.com/img/college-photo_15254._130x0.jpg,"[{'url': 'http://colleges.usnews.rankingsandreviews.com/img/college-photo_15254._130x0.jpg', 'path': 'full/cad9f0305eb793846712d6be4b110fa07f25df30.jpg', 'checksum': '267c569ceb9fe9a3602adb3f619f2909'}]","Crawfordsville, IN"
Gustavus Adolphus College,2455,64,"$40,020 (2014-15)",/best-colleges/gustavus-college-2353,http://colleges.usnews.rankingsandreviews.com/img/college-photo_19930._130x0.jpg,"[{'url': 'http://colleges.usnews.rankingsandreviews.com/img/college-photo_19930._130x0.jpg', 'path': 'full/357fbd021cd54114dafaba4de520983d837c2f47.jpg', 'checksum': 'e23bc2bee5c6563c7ef778892abd30bb'}]","St. Peter, MN"
Kalamazoo College,1458,64,"$41,061 (2014-15)",/best-colleges/kalamazoo-college-2275,http://colleges.usnews.rankingsandreviews.com/img/college-photo_9178._130x0.jpg,"[{'url': 'http://colleges.usnews.rankingsandreviews.com/img/college-photo_9178._130x0.jpg', 'path': 'full/849c07070c543c8df486737e61423d83f0001707.jpg', 'checksum': 'a5bb80fd3492069257c9bd7a030bd70f'}]","Kalamazoo, MI"
Muhlenberg College,2448,64,"$44,145 (2014-15)",/best-colleges/muhlenberg-college-3304,http://colleges.usnews.rankingsandreviews.com/img/college-photo_1341._130x0.jpg,"[{'url': 'http://colleges.usnews.rankingsandreviews.com/img/college-photo_1341._130x0.jpg', 'path': 'full/4c0090edcb3e9ef566174ddeed53555858e48226.jpg', 'checksum': '8e1395761e5c710e447a4f29d0d97fa6'}]","Allentown, PA"
Virginia Military Institute,1675,64,"In-state: $15,518 (2014-15) Out-state: $37,574 (2014-15)",/best-colleges/vmi-3753,http://colleges.usnews.rankingsandreviews.com/img/college-photo_10161._130x0.jpg,"[{'url': 'http://colleges.usnews.rankingsandreviews.com/img/college-photo_10161._130x0.jpg', 'path': 'full/3d5ac22559c81ed32298b8ad435cf25c64985829.jpg', 'checksum': '7bf95a952d985618e79e9943a3973d3f'}]","Lexington, VA"
Willamette University,2228,64,"$44,076 (2014-15)",/best-colleges/willamette-3227,http://colleges.usnews.rankingsandreviews.com/img/college-photo_18334._130x0.jpg,"[{'url': 'http://colleges.usnews.rankingsandreviews.com/img/college-photo_18334._130x0.jpg', 'path': 'full/5edc44098ed99e5f84fa046a4a20602d6e070cc4.jpg', 'checksum': '11a642aa08d9f1a8488bc0b9284246fb'}]","Salem, OR"
Berea College,1623,69,$870 (2014-15),/best-colleges/berea-college-1955,http://static.usnews.com/images/ah/education-school-image-default.png,"[{'url': 'http://static.usnews.com/images/ah/education-school-image-default.png', 'path': 'full/f14ee9e2f3817eeb49751889efbfb0b5643db72a.jpg', 'checksum': '683ccc0597a38a839942d8275b105350'}]","Berea, KY"
Hillsdale College,1486,69,"$23,616 (2014-15)",/best-colleges/hillsdale-college-2272,http://static.usnews.com/images/ah/education-school-image-default.png,"[{'url': 'http://static.usnews.com/images/ah/education-school-image-default.png', 'path': 'full/f14ee9e2f3817eeb49751889efbfb0b5643db72a.jpg', 'checksum': '683ccc0597a38a839942d8275b105350'}]","Hillsdale, MI"
College of Wooster,2116,69,"$43,350 (2014-15)",/best-colleges/college-of-wooster-3037,http://colleges.usnews.rankingsandreviews.com/img/college-photo_16707._130x0.jpg,"[{'url': 'http://colleges.usnews.rankingsandreviews.com/img/college-photo_16707._130x0.jpg', 'path': 'full/f9c123d36be0743968725c4bab6a85482832a3b4.jpg', 'checksum': 'c15a6fa4eb5503a6f99456002d5aa8e0'}]","Wooster, OH"
Wheaton College,1656,69,"$46,423 (2014-15)",/best-colleges/wheaton-college-massachusetts-2227,http://colleges.usnews.rankingsandreviews.com/img/college-photo_4115._130x0.jpg,"[{'url': 'http://colleges.usnews.rankingsandreviews.com/img/college-photo_4115._130x0.jpg', 'path': 'full/4d257d9e47efb16a251d775daaa1aaf730c9ef5f.jpg', 'checksum': '2cd9b005e0f35bf54c4e506297b2e4b3'}]","Norton, MA"
Agnes Scott College,915,73,"$35,982 (2014-15)",/best-colleges/agnes-scott-college-1542,http://colleges.usnews.rankingsandreviews.com/img/college-photo_4003._130x0.jpg,"[{'url': 'http://colleges.usnews.rankingsandreviews.com/img/college-photo_4003._130x0.jpg', 'path': 'full/0e41cf9c8f679f0573217cdc19f832a16ed6c1c0.jpg', 'checksum': 'c1158cf5f68b99f9faa0a7c0e8078cea'}]","Decatur, GA"
Earlham College,1064,73,"$42,870 (2014-15)",/best-colleges/earlham-college-1793,http://colleges.usnews.rankingsandreviews.com/img/college-photo_3327._130x0.JPG,"[{'url': 'http://colleges.usnews.rankingsandreviews.com/img/college-photo_3327._130x0.JPG', 'path': 'full/42e52d55a160ed5869f908faea23b652370de613.jpg', 'checksum': '94a33bc72c9481bf96d18fbeacca9ea7'}]","Richmond, IN"
Illinois Wesleyan University,2009,73,"$40,844 (2014-15)",/best-colleges/illinois-wesleyan-university-1696,http://colleges.usnews.rankingsandreviews.com/img/college-photo_3377._130x0.jpg,"[{'url': 'http://colleges.usnews.rankingsandreviews.com/img/college-photo_3377._130x0.jpg', 'path': 'full/3ffbb2ed3d321a46ef575fe61434c5f8813e6f64.jpg', 'checksum': 'a96dbd67efce0f59091eb116a1fec16a'}]","Bloomington, IL"
St. John's University,1871,73,"$38,704 (2014-15)",/best-colleges/st-johns-university-minnesota-2379,http://colleges.usnews.rankingsandreviews.com/img/college-photo_445._130x0.jpg,"[{'url': 'http://colleges.usnews.rankingsandreviews.com/img/college-photo_445._130x0.jpg', 'path': 'full/28b4e8528b92351e3950342d39f634facee4e4f6.jpg', 'checksum': 'a54c375a1ffe82f31a772f941faa26b3'}]","Collegeville, MN"
New College of Florida,793,87,"In-state: $6,872 (2014-15) Out-state: $29,900 (2014-15)",/best-colleges/new-college-of-florida-153704,http://colleges.usnews.rankingsandreviews.com/img/college-photo_7429._130x0.JPG,"[{'url': 'http://colleges.usnews.rankingsandreviews.com/img/college-photo_7429._130x0.JPG', 'path': 'full/fb59ee20428c9db840f2ddcb9da70368b0b91df3.jpg', 'checksum': '117ff114d641ff1fec952011444447fe'}]","Sarasota, FL"
Southwestern University,1535,87,"$36,120 (2014-15)",/best-colleges/southwestern-university-3620,http://colleges.usnews.rankingsandreviews.com/img/college-photo_22452._130x0.jpg,"[{'url': 'http://colleges.usnews.rankingsandreviews.com/img/college-photo_22452._130x0.jpg', 'path': 'full/c2e075c53e7869a9ce9ad4cbe67e3e3f75c25838.jpg', 'checksum': 'e61e85b60a98815d03186a5578737099'}]","Georgetown, TX"
Austin College,1208,89,"$34,840 (2014-15)",/best-colleges/austin-college-3543,http://colleges.usnews.rankingsandreviews.com/img/college-photo_13095._130x0.jpg,"[{'url': 'http://colleges.usnews.rankingsandreviews.com/img/college-photo_13095._130x0.jpg', 'path': 'full/1432fca1632420237ccd9e305e43aed7afd106c9.jpg', 'checksum': '256c883ca3a92ad077a6e68d35829c4a'}]","Sherman, TX"
Bennington College,619,89,"$46,658 (2014-15)",/best-colleges/bennington-college-3682,http://colleges.usnews.rankingsandreviews.com/img/college-photo_17384._130x0.jpg,"[{'url': 'http://colleges.usnews.rankingsandreviews.com/img/college-photo_17384._130x0.jpg', 'path': 'full/ad44038c60d8806b762faf72d435c67498d9d480.jpg', 'checksum': '06bd648088f0c83cfeebf0597d545ce2'}]","Bennington, VT"
College of St. Benedict,2051,89,"$39,402 (2014-15)",/best-colleges/college-of-st-benedict-2341,http://colleges.usnews.rankingsandreviews.com/img/college-photo_1290._130x0.jpg,"[{'url': 'http://colleges.usnews.rankingsandreviews.com/img/college-photo_1290._130x0.jpg', 'path': 'full/d090605501c9ba93273f15c3124fa38c94694631.jpg', 'checksum': '45d2de22632af09373a18e12d2670695'}]","St. Joseph, MN"
Luther College,2466,89,"$38,370 (2014-15)",/best-colleges/luther-college-1874,http://colleges.usnews.rankingsandreviews.com/img/college-photo_352._130x0.jpg,"[{'url': 'http://colleges.usnews.rankingsandreviews.com/img/college-photo_352._130x0.jpg', 'path': 'full/77c38c73d28c0277316fe492bad826497aab6464.jpg', 'checksum': '0579db4f8fc4fd93c389971099ba40c7'}]","Decorah, IA"
Millsaps College,744,89,"$33,982 (2014-15)",/best-colleges/millsaps-college-2414,http://colleges.usnews.rankingsandreviews.com/img/college-photo_5131._130x0.jpg,"[{'url': 'http://colleges.usnews.rankingsandreviews.com/img/college-photo_5131._130x0.jpg', 'path': 'full/debc3e1eedb94df09ead4d61774db1d0957a9816.jpg', 'checksum': 'e4c0a4b0ac3d135f8d1c96e4b323c4b6'}]","Jackson, MS"
St. John's College,344,89,"$47,626 (2014-15)",/best-colleges/st-johns-college-new-mexico-2093,http://colleges.usnews.rankingsandreviews.com/img/college-photo_23395._130x0.jpg,"[{'url': 'http://colleges.usnews.rankingsandreviews.com/img/college-photo_23395._130x0.jpg', 'path': 'full/c9842ee000949c674a1bdff0831b8fb039457046.jpg', 'checksum': '6c28c1691e5f88277e06b2d6ba243edd'}]","Santa Fe, NM"
St. Mary's College of Maryland,1819,89,"In-state: $14,874 (2014-15) Out-state: $28,674 (2014-15)",/best-colleges/st-marys-college-2095,http://colleges.usnews.rankingsandreviews.com/img/college-photo_2151._130x0.jpg,"[{'url': 'http://colleges.usnews.rankingsandreviews.com/img/college-photo_2151._130x0.jpg', 'path': 'full/4497e2f35a1d3ebba399340d1cf7da6ca0da63d0.jpg', 'checksum': 'db3d6bd04a9ab77e9006aca63dd823e8'}]","St. Mary's City, MD"
St. Mary's College,1479,96,"$35,970 (2014-15)",/best-colleges/st-marys-indiana-1836,http://colleges.usnews.rankingsandreviews.com/img/college-photo_6308._130x0.JPG,"[{'url': 'http://colleges.usnews.rankingsandreviews.com/img/college-photo_6308._130x0.JPG', 'path': 'full/df8e1620e637a66a1476ab82796c0934a2311d46.jpg', 'checksum': '423094339c9ed1c49a41953f24c765ab'}]","Notre Dame, IN"
Washington and Jefferson College,1328,96,"$41,282 (2014-15)",/best-colleges/washington-and-jefferson-college-3389,http://colleges.usnews.rankingsandreviews.com/img/college-photo_6854._130x0.jpg,"[{'url': 'http://colleges.usnews.rankingsandreviews.com/img/college-photo_6854._130x0.jpg', 'path': 'full/814083c1959e71a4f54e4210aaef8f61c8f6205e.jpg', 'checksum': 'e1c9997a2f51027362ec353d5166e469'}]","Washington, PA"
Westmont College,1305,96,"$39,990 (2014-15)",/best-colleges/westmont-college-1341,http://colleges.usnews.rankingsandreviews.com/img/college-photo_15307._130x0.jpg,"[{'url': 'http://colleges.usnews.rankingsandreviews.com/img/college-photo_15307._130x0.jpg', 'path': 'full/2b0ef4f38ae715f0677d73283ecf6bbed972553e.jpg', 'checksum': 'c7e280b65d33e75be3e415da73046f1b'}]","Santa Barbara, CA"
Albion College,1307,99,"$37,300 (2014-15)",/best-colleges/albion-college-2235,http://colleges.usnews.rankingsandreviews.com/img/college-photo_15932._130x0.jpg,"[{'url': 'http://colleges.usnews.rankingsandreviews.com/img/college-photo_15932._130x0.jpg', 'path': 'full/520110d4b24c7012dff3398ea9a299ef608a8819.jpg', 'checksum': '090baaefbe6580619e6cde108f12fd1a'}]","Albion, MI"
College of the Atlantic,362,99,"$40,491 (2014-15)",/best-colleges/college-of-the-atlantic-11385,http://colleges.usnews.rankingsandreviews.com/img/college-photo_16997._130x0.JPG,"[{'url': 'http://colleges.usnews.rankingsandreviews.com/img/college-photo_16997._130x0.JPG', 'path': 'full/fc9b6153658ccaac3cb80899f6acbac3ecfbc3ef.jpg', 'checksum': 'f08f23a99d2c2dc7b5038abc47745ba2'}]","Bar Harbor, ME"
Drew University,1493,99,"$45,214 (2014-15)",/best-colleges/drew-university-2603,http://colleges.usnews.rankingsandreviews.com/img/college-photo_4505._130x0.JPG,"[{'url': 'http://colleges.usnews.rankingsandreviews.com/img/college-photo_4505._130x0.JPG', 'path': 'full/61a20ee759dbc3077fdfbfd6cb78f5090534250f.jpg', 'checksum': '8385cf28f834a6533d5441a50f8cd141'}]","Madison, NJ"
Hope College,3388,99,"$29,560 (2014-15)",/best-colleges/hope-college-2273,http://colleges.usnews.rankingsandreviews.com/img/college-photo_5800._130x0.jpg,"[{'url': 'http://colleges.usnews.rankingsandreviews.com/img/college-photo_5800._130x0.jpg', 'path': 'full/b721ec9c83134823694f40493dee9ad7b34948d9.jpg', 'checksum': '00aaff002445d6125f77f8f695cddef0'}]","Holland, MI"
Ohio Wesleyan University,1830,99,"$41,920 (2014-15)",/best-colleges/ohio-wesleyan-3109,http://colleges.usnews.rankingsandreviews.com/img/college-photo_18263._130x0.jpg,"[{'url': 'http://colleges.usnews.rankingsandreviews.com/img/college-photo_18263._130x0.jpg', 'path': 'full/de287a97ec94cd6f6747ae8f54b9259d0e3d8904.jpg', 'checksum': '75595af04e843f02a2e41dece414aaae'}]","Delaware, OH"
St. Michael's College,1998,99,"$39,375 (2014-15)",/best-colleges/st-michaels-college-3694,http://colleges.usnews.rankingsandreviews.com/img/college-photo_20290._130x0.jpg,"[{'url': 'http://colleges.usnews.rankingsandreviews.com/img/college-photo_20290._130x0.jpg', 'path': 'full/8aac094bb629cb551ba0d67c5c948e3325e82f28.jpg', 'checksum': '1a70c6573fc8819c8de5affb1ab8b666'}]","Colchester, VT"
Augustana College,2524,105,"$37,236 (2014-15)",/best-colleges/augustana-college-1633,http://static.usnews.com/images/ah/education-school-image-default.png,"[{'url': 'http://static.usnews.com/images/ah/education-school-image-default.png', 'path': 'full/f14ee9e2f3817eeb49751889efbfb0b5643db72a.jpg', 'checksum': '683ccc0597a38a839942d8275b105350'}]","Rock Island, IL"
Cornell College,1125,105,"$37,500 (2014-15)",/best-colleges/cornell-college-1856,http://colleges.usnews.rankingsandreviews.com/img/college-photo_1497._130x0.jpg,"[{'url': 'http://colleges.usnews.rankingsandreviews.com/img/college-photo_1497._130x0.jpg', 'path': 'full/7c26e42e5a1bf45fece1f1d507c9b1ff1de90df9.jpg', 'checksum': 'c580d658f8831f1feb56b944428398e0'}]","Mount Vernon, IA"
Goucher College,1449,105,"$40,558 (2014-15)",/best-colleges/goucher-college-2073,http://colleges.usnews.rankingsandreviews.com/img/college-photo_17766._130x0.jpg,"[{'url': 'http://colleges.usnews.rankingsandreviews.com/img/college-photo_17766._130x0.jpg', 'path': 'full/f1c2f585528d1b63ff95acc11a0c80688ad5f0c7.jpg', 'checksum': 'd893e5500a05934a504104896ed1e9a1'}]","Baltimore, MD"
Hampden-Sydney College,1070,105,"$39,272 (2014-15)",/best-colleges/hampden-sydney-3713,http://colleges.usnews.rankingsandreviews.com/img/college-photo_13098._130x0.jpg,"[{'url': 'http://colleges.usnews.rankingsandreviews.com/img/college-photo_13098._130x0.jpg', 'path': 'full/123bd35eed4d7073812b98fde60b98d3cf8f7955.jpg', 'checksum': '055e93290eb5be8dc706111b1ba03890'}]","Hampden-Sydney, VA"
Juniata College,1625,105,"$38,630 (2014-15)",/best-colleges/juniata-college-3279,http://colleges.usnews.rankingsandreviews.com/img/college-photo_550._130x0.jpg,"[{'url': 'http://colleges.usnews.rankingsandreviews.com/img/college-photo_550._130x0.jpg', 'path': 'full/51d549d5c1b9eee52185b9e9c66298278a1f3936.jpg', 'checksum': '52cf3a03f9a83bef2e9991258d4f1512'}]","Huntingdon, PA"
Stonehill College,2481,105,"$37,426 (2014-15)",/best-colleges/stonehill-college-2217,http://colleges.usnews.rankingsandreviews.com/img/college-photo_24086._130x0.jpg,"[{'url': 'http://colleges.usnews.rankingsandreviews.com/img/college-photo_24086._130x0.jpg', 'path': 'full/78f5e034990ed3da60d1e909a14d0921137ed567.jpg', 'checksum': 'b46fe459a99e6b13cd047e30634d2459'}]","Easton, MA"
Washington College,1483,105,"$42,592 (2014-15)",/best-colleges/washington-college-maryland-2108,http://colleges.usnews.rankingsandreviews.com/img/college-photo_22399._130x0.jpg,"[{'url': 'http://colleges.usnews.rankingsandreviews.com/img/college-photo_22399._130x0.jpg', 'path': 'full/4715df379b0a24e8caed20b765251957c715f608.jpg', 'checksum': 'ba1f44af447d9f740a2176a9e4485579'}]","Chestertown, MD"
Hollins University,580,112,"$34,295 (2014-15)",/best-colleges/hollins-university-3715,http://colleges.usnews.rankingsandreviews.com/img/college-photo_2079._130x0.jpg,"[{'url': 'http://colleges.usnews.rankingsandreviews.com/img/college-photo_2079._130x0.jpg', 'path': 'full/115fa208b8499c845b318a7f72929bd3602edc9f.jpg', 'checksum': '18c2f5d2cfa55523d488fb5351495b4e'}]","Roanoke, VA"
Hanover College,1163,113,"$33,023 (2014-15)",/best-colleges/hanover-college-1801,http://static.usnews.com/images/ah/education-school-image-default.png,"[{'url': 'http://static.usnews.com/images/ah/education-school-image-default.png', 'path': 'full/f14ee9e2f3817eeb49751889efbfb0b5643db72a.jpg', 'checksum': '683ccc0597a38a839942d8275b105350'}]","Hanover, IN"
Ripon College,904,113,"$33,482 (2014-15)",/best-colleges/ripon-college-3884,http://colleges.usnews.rankingsandreviews.com/img/college-photo_18989._130x0.jpg,"[{'url': 'http://colleges.usnews.rankingsandreviews.com/img/college-photo_18989._130x0.jpg', 'path': 'full/99eca0c665044d440848c6c367dcb55d544f205a.jpg', 'checksum': '4790d0453ffcbb11e63ade4486ff1953'}]","Ripon, WI"
Siena College,3161,113,"$32,293 (2014-15)",/best-colleges/siena-college-2816,http://colleges.usnews.rankingsandreviews.com/img/college-photo_22646._130x0.jpg,"[{'url': 'http://colleges.usnews.rankingsandreviews.com/img/college-photo_22646._130x0.jpg', 'path': 'full/cc86f706cd2392df00561a6ac4006a1cb8511c10.jpg', 'checksum': 'ae05d8d1e49faa710260c9732d6ffcc7'}]","Loudonville, NY"
Calvin College,3959,116,"$29,635 (2014-15)",/best-colleges/calvin-college-2241,http://colleges.usnews.rankingsandreviews.com/img/college-photo_4223._130x0.JPG,"[{'url': 'http://colleges.usnews.rankingsandreviews.com/img/college-photo_4223._130x0.JPG', 'path': 'full/cbce7c74296002695930f14ac3650ffcb0bf7fb9.jpg', 'checksum': '5679eae5acc14a9248040874d0fb7a6d'}]","Grand Rapids, MI"
Susquehanna University,2179,116,"$40,350 (2014-15)",/best-colleges/susquehanna-university-3369,http://colleges.usnews.rankingsandreviews.com/img/college-photo_20399._130x0.jpg,"[{'url': 'http://colleges.usnews.rankingsandreviews.com/img/college-photo_20399._130x0.jpg', 'path': 'full/3b799c81635df8eada86e547795dda41b680d83e.jpg', 'checksum': '71c5caabdd0f489798d6af7dd47da423'}]","Selinsgrove, PA"
Sweet Briar College,703,116,"$34,935 (2014-15)",/best-colleges/sweet-briar-college-3742,http://colleges.usnews.rankingsandreviews.com/img/college-photo_20113._130x0.jpg,"[{'url': 'http://colleges.usnews.rankingsandreviews.com/img/college-photo_20113._130x0.jpg', 'path': 'full/4e44083d3822265be0ea1162341fdcca4f8d53f3.jpg', 'checksum': '4bd497eb0e91a60f5f3a7de69163152e'}]","Sweet Briar, VA"
Westminster College,1306,116,"$33,410 (2014-15)",/best-colleges/westminster-college-pennsylvania-3392,http://colleges.usnews.rankingsandreviews.com/img/college-photo_2473._130x0.jpg,"[{'url': 'http://colleges.usnews.rankingsandreviews.com/img/college-photo_2473._130x0.jpg', 'path': 'full/03c6b72e2169fbd66675f04c7aa436693512d80f.jpg', 'checksum': '056cec54d2014ceb764e7e1298c87fbf'}]","New Wilmington, PA"
Coe College,1420,120,"$37,230 (2014-15)",/best-colleges/coe-college-1854,http://colleges.usnews.rankingsandreviews.com/img/college-photo_22727._130x0.jpg,"[{'url': 'http://colleges.usnews.rankingsandreviews.com/img/college-photo_22727._130x0.jpg', 'path': 'full/e6856ca0d98c1bcb7d4241d65b735bee8a96014d.jpg', 'checksum': 'd9ee595609adb7c328c8013ccbedbffc'}]","Cedar Rapids, IA"
Lake Forest College,1594,120,"$39,842 (2013-14)",/best-colleges/lake-forest-college-1706,http://colleges.usnews.rankingsandreviews.com/img/college-photo_12273._130x0.JPG,"[{'url': 'http://colleges.usnews.rankingsandreviews.com/img/college-photo_12273._130x0.JPG', 'path': 'full/954ce7afac8dc27babca48193e03e6ec3527fd1c.jpg', 'checksum': '991093b7962fd27fc55db72b5e8f7a04'}]","Lake Forest, IL"
St. Anselm College,1923,120,"$36,336 (2014-15)",/best-colleges/st-anselm-college-2587,http://colleges.usnews.rankingsandreviews.com/img/college-photo_11794._130x0.jpg,"[{'url': 'http://colleges.usnews.rankingsandreviews.com/img/college-photo_11794._130x0.jpg', 'path': 'full/ebb874b37eeef804cef0c96ddd5b492c66155082.jpg', 'checksum': '28a290adba335d8f1ad582e3da248f65'}]","Manchester, NH"
St. Norbert College,2160,123,"$33,023 (2014-15)",/best-colleges/st-norbert-college-3892,http://colleges.usnews.rankingsandreviews.com/img/college-photo_1928._130x0.jpg,"[{'url': 'http://colleges.usnews.rankingsandreviews.com/img/college-photo_1928._130x0.jpg', 'path': 'full/fff8f2b57818ce030fb4fe1bde1d9e5b93783b82.jpg', 'checksum': '9428d7645bc57eaa02acf3a12850daa1'}]","De Pere, WI"
Birmingham-Southern College,1188,124,"$31,888 (2014-15)",/best-colleges/birmingham-southern-1012,http://static.usnews.com/images/ah/education-school-image-default.png,"[{'url': 'http://static.usnews.com/images/ah/education-school-image-default.png', 'path': 'full/f14ee9e2f3817eeb49751889efbfb0b5643db72a.jpg', 'checksum': '683ccc0597a38a839942d8275b105350'}]","Birmingham, AL"
Presbyterian College,1123,124,"$33,650 (2013-14)",/best-colleges/presbyterian-college-3445,http://static.usnews.com/images/ah/education-school-image-default.png,"[{'url': 'http://static.usnews.com/images/ah/education-school-image-default.png', 'path': 'full/f14ee9e2f3817eeb49751889efbfb0b5643db72a.jpg', 'checksum': '683ccc0597a38a839942d8275b105350'}]","Clinton, SC"
Eckerd College,1821,124,"$38,668 (2014-15)",/best-colleges/eckerd-college-1487,http://colleges.usnews.rankingsandreviews.com/img/college-photo_8689._130x0.jpg,"[{'url': 'http://colleges.usnews.rankingsandreviews.com/img/college-photo_8689._130x0.jpg', 'path': 'full/bb73a76001d07b45f6bf9b555679863658a00d03.jpg', 'checksum': '22be1c0a968730911a8ab760f800d356'}]","St. Petersburg, FL"
Linfield College,1671,124,"$37,346 (2014-15)",/best-colleges/linfield-college-3198,http://colleges.usnews.rankingsandreviews.com/img/college-photo_3979._130x0.jpg,"[{'url': 'http://colleges.usnews.rankingsandreviews.com/img/college-photo_3979._130x0.jpg', 'path': 'full/71bbb2c0d9aafa42f349af562fac5c45884ffeb5.jpg', 'checksum': '223064daaeafb4ea6879ec03cdb14148'}]","McMinnville, OR"
Randolph-Macon College,1315,124,"$36,340 (2014-15)",/best-colleges/randolph-macon-college-3733,http://colleges.usnews.rankingsandreviews.com/img/college-photo_15759._130x0.jpg,"[{'url': 'http://colleges.usnews.rankingsandreviews.com/img/college-photo_15759._130x0.jpg', 'path': 'full/dba6106de0b8c9eadd0b3546dfb8635ace64d011.jpg', 'checksum': '7d7e7eb13af63510904a547c3db296c5'}]","Ashland, VA"
Berry College,2141,129,"$30,530 (2014-15)",/best-colleges/berry-college-1554,http://colleges.usnews.rankingsandreviews.com/img/college-photo_22129._130x0.jpg,"[{'url': 'http://colleges.usnews.rankingsandreviews.com/img/college-photo_22129._130x0.jpg', 'path': 'full/f8cf3078ee877e2a3649c37eb13be5ea69169fcb.jpg', 'checksum': '2db0bd3e7e60279892394f31ef3be036'}]","Mount Berry, GA"
Concordia College--Moorhead,2531,129,"$34,114 (2014-15)",/best-colleges/concordia-college-2346,http://colleges.usnews.rankingsandreviews.com/img/college-photo_11752._130x0.jpg,"[{'url': 'http://colleges.usnews.rankingsandreviews.com/img/college-photo_11752._130x0.jpg', 'path': 'full/fd319c1d219b28e2f2b43166b2c39c2e2f292210.jpg', 'checksum': '91b79ab587ef29af41254d3a7385eb27'}]","Moorhead, MN"
Goshen College,828,129,"$29,700 (2014-15)",/best-colleges/goshen-college-1799,http://colleges.usnews.rankingsandreviews.com/img/college-photo_5801._130x0.jpg,"[{'url': 'http://colleges.usnews.rankingsandreviews.com/img/college-photo_5801._130x0.jpg', 'path': 'full/5ff36a2d8c3827227008535e6debe0185f1ebb23.jpg', 'checksum': '33a6383d5237fd029b494d64fef6c15c'}]","Goshen, IN"
McDaniel College,1692,129,"$38,350 (2014-15)",/best-colleges/mcdaniel-college-2109,http://colleges.usnews.rankingsandreviews.com/img/college-photo_14014._130x0.jpg,"[{'url': 'http://colleges.usnews.rankingsandreviews.com/img/college-photo_14014._130x0.jpg', 'path': 'full/fb2ea15feb46e39294e77b3c17ed7a58e2df7bdc.jpg', 'checksum': '43257fd267d037dcf85a0a0ac0fa94b5'}]","Westminster, MD"
Morehouse College,2189,133,"$26,090 (2014-15)",/best-colleges/morehouse-college-1582,http://static.usnews.com/images/ah/education-school-image-default.png,"[{'url': 'http://static.usnews.com/images/ah/education-school-image-default.png', 'path': 'full/f14ee9e2f3817eeb49751889efbfb0b5643db72a.jpg', 'checksum': '683ccc0597a38a839942d8275b105350'}]","Atlanta, GA"
Moravian College,1585,133,"$36,800 (2014-15)",/best-colleges/moravian-college-3301,http://colleges.usnews.rankingsandreviews.com/img/college-photo_15871._130x0.jpg,"[{'url': 'http://colleges.usnews.rankingsandreviews.com/img/college-photo_15871._130x0.jpg', 'path': 'full/eca2f4b89b5e4219914c48791b0004d347a31930.jpg', 'checksum': '96138b01489f7be94e9ecef0f4e2871f'}]","Bethlehem, PA"
Randolph College,665,133,"$34,107 (2014-15)",/best-colleges/randolph-college-3734,http://colleges.usnews.rankingsandreviews.com/img/college-photo_1098._130x0.jpg,"[{'url': 'http://colleges.usnews.rankingsandreviews.com/img/college-photo_1098._130x0.jpg', 'path': 'full/135a88f022d645e50b0b4990c0a3c76093375df1.jpg', 'checksum': 'dc6a522e28dcfbeb5ee74ecd0682cdc1'}]","Lynchburg, VA"
Roanoke College,2029,133,"$37,802 (2014-15)",/best-colleges/roanoke-college-3736,http://colleges.usnews.rankingsandreviews.com/img/college-photo_4865._130x0.jpg,"[{'url': 'http://colleges.usnews.rankingsandreviews.com/img/college-photo_4865._130x0.jpg', 'path': 'full/d20914db007598b2b4f5c4415604d51d2528288a.jpg', 'checksum': '19a51886ce8bf595d0cd67338bb6effc'}]","Salem, VA"
Wesleyan College,648,133,"$19,900 (2014-15)",/best-colleges/wesleyan-college-1600,http://colleges.usnews.rankingsandreviews.com/img/college-photo_2944._130x0.jpg,"[{'url': 'http://colleges.usnews.rankingsandreviews.com/img/college-photo_2944._130x0.jpg', 'path': 'full/932aacf7c05f602394b9b1a813b27a5a0d761438.jpg', 'checksum': 'cdad307bd9b80becb790a3ff9b167b36'}]","Macon, GA"
Whittier College,1695,133,"$41,711 (2014-15)",/best-colleges/whittier-college-1342,http://colleges.usnews.rankingsandreviews.com/img/college-photo_7414._130x0.jpg,"[{'url': 'http://colleges.usnews.rankingsandreviews.com/img/college-photo_7414._130x0.jpg', 'path': 'full/eff61508f510ec3d497ec6c6b7a1ac3ee6f0bd97.jpg', 'checksum': '7a2574c67064174dccae7e50fbd2d8b7'}]","Whittier, CA"
Principia College,480,139,"$26,850 (2014-15)",/best-colleges/principia-college-1744,http://static.usnews.com/images/ah/education-school-image-default.png,"[{'url': 'http://static.usnews.com/images/ah/education-school-image-default.png', 'path': 'full/f14ee9e2f3817eeb49751889efbfb0b5643db72a.jpg', 'checksum': '683ccc0597a38a839942d8275b105350'}]","Elsah, IL"
Simpson College,1712,139,"$32,550 (2014-15)",/best-colleges/simpson-college-1887,http://static.usnews.com/images/ah/education-school-image-default.png,"[{'url': 'http://static.usnews.com/images/ah/education-school-image-default.png', 'path': 'full/f14ee9e2f3817eeb49751889efbfb0b5643db72a.jpg', 'checksum': '683ccc0597a38a839942d8275b105350'}]","Indianola, IA"
Alma College,1419,139,"$34,220 (2014-15)",/best-colleges/alma-college-2236,http://colleges.usnews.rankingsandreviews.com/img/college-photo_4756._130x0.jpg,"[{'url': 'http://colleges.usnews.rankingsandreviews.com/img/college-photo_4756._130x0.jpg', 'path': 'full/bf3fee43555a145d1fc5e7da4a6c2cb52bea6ad1.jpg', 'checksum': '8cf9cc62221f6522181b1694a2be53c9'}]","Alma, MI"
Central College,1386,139,"$32,124 (2014-15)",/best-colleges/central-college-pella-1850,http://colleges.usnews.rankingsandreviews.com/img/college-photo_21497._130x0.jpg,"[{'url': 'http://colleges.usnews.rankingsandreviews.com/img/college-photo_21497._130x0.jpg', 'path': 'full/c2a5f75948eabe4776be5c0d1a36545524fc63f4.jpg', 'checksum': '5550ae3dc11a160da9a1222dd081356d'}]","Pella, IA"
Gordon College,1707,139,"$34,390 (2014-15)",/best-colleges/gordon-college-2153,http://colleges.usnews.rankingsandreviews.com/img/college-photo_8608._130x0.jpg,"[{'url': 'http://colleges.usnews.rankingsandreviews.com/img/college-photo_8608._130x0.jpg', 'path': 'full/21167b2b65fe4a879f056d84b7d23fc130cad779.jpg', 'checksum': '26cee5080427b8d634368c1d17357e4f'}]","Wenham, MA"
Grove City College,2491,139,"$15,550 (2014-15)",/best-colleges/grove-city-college-3269,http://colleges.usnews.rankingsandreviews.com/img/college-photo_8052._130x0.jpg,"[{'url': 'http://colleges.usnews.rankingsandreviews.com/img/college-photo_8052._130x0.jpg', 'path': 'full/286238ec4910315c5a06d4a91706f35d14ac05ef.jpg', 'checksum': 'eb80dace1ca608b178529a95c8bfbae3'}]","Grove City, PA"
Houghton College,1081,139,"$28,556 (2014-15)",/best-colleges/houghton-college-2734,http://colleges.usnews.rankingsandreviews.com/img/college-photo_13614._130x0.jpg,"[{'url': 'http://colleges.usnews.rankingsandreviews.com/img/college-photo_13614._130x0.jpg', 'path': 'full/28f812cf64574e68e3cd5a07a044f873e09ad60b.jpg', 'checksum': '202eb295555ffdb733a45a07bdfc16c8'}]","Houghton, NY"
University of Minnesota--Morris,1946,139,"In-state: $12,584 (2013-14) Out-state: $12,584 (2013-14)",/best-colleges/minnesota-morris-2389,http://colleges.usnews.rankingsandreviews.com/img/college-photo_9075._130x0.jpg,"[{'url': 'http://colleges.usnews.rankingsandreviews.com/img/college-photo_9075._130x0.jpg', 'path': 'full/8271195003b245ac1e2a4104ee7df8959f7e04fb.jpg', 'checksum': 'f79d201d234fbc78929b1b47d8403f86'}]","Morris, MN"
Wittenberg University,1959,139,"$38,030 (2014-15)",/best-colleges/wittenberg-university-3143,http://colleges.usnews.rankingsandreviews.com/img/college-photo_8354._130x0.jpg,"[{'url': 'http://colleges.usnews.rankingsandreviews.com/img/college-photo_8354._130x0.jpg', 'path': 'full/cc92dd878f351e9b79c521f24c8ac88a2a60ba75.jpg', 'checksum': '2fc09b9ebf1acacab83109ccfb0c4841'}]","Springfield, OH"
Nebraska Wesleyan University,1927,148,"$28,500 (2014-15)",/best-colleges/nebraska-wesleyan-university-2555,http://static.usnews.com/images/ah/education-school-image-default.png,"[{'url': 'http://static.usnews.com/images/ah/education-school-image-default.png', 'path': 'full/f14ee9e2f3817eeb49751889efbfb0b5643db72a.jpg', 'checksum': '683ccc0597a38a839942d8275b105350'}]","Lincoln, NE"
Centenary College of Louisiana,586,148,"$32,000 (2014-15)",/best-colleges/centenary-louisiana-2003,http://colleges.usnews.rankingsandreviews.com/img/college-photo_18556._130x0.jpg,"[{'url': 'http://colleges.usnews.rankingsandreviews.com/img/college-photo_18556._130x0.jpg', 'path': 'full/3221e73db54513397eab45cedd6205fdfa5254ab.jpg', 'checksum': 'f05f5ad884471739b0aa5b5ef41aa5d2'}]","Shreveport, LA"
Hiram College,1283,148,"$30,290 (2014-15)",/best-colleges/hiram-college-3049,http://colleges.usnews.rankingsandreviews.com/img/college-photo_16814._130x0.jpg,"[{'url': 'http://colleges.usnews.rankingsandreviews.com/img/college-photo_16814._130x0.jpg', 'path': 'full/19a8a32cd884e9bdff0a8f4d7d59e82d3dd30d92.jpg', 'checksum': '61f1be26676aea64eace3a5c8db1e28b'}]","Hiram, OH"
Oglethorpe University,1073,148,"$32,500 (2014-15)",/best-colleges/oglethorpe-university-1586,http://colleges.usnews.rankingsandreviews.com/img/college-photo_23521._130x0.jpg,"[{'url': 'http://colleges.usnews.rankingsandreviews.com/img/college-photo_23521._130x0.jpg', 'path': 'full/59970d9ec7d5094297c80e73633d176572fd7549.jpg', 'checksum': 'afc89fde5a7aa9fea81694e61d644097'}]","Atlanta, GA"
Saint Vincent College,1596,148,"$31,370 (2014-15)",/best-colleges/saint-vincent-college-3368,http://colleges.usnews.rankingsandreviews.com/img/college-photo_3865._130x0.jpg,"[{'url': 'http://colleges.usnews.rankingsandreviews.com/img/college-photo_3865._130x0.jpg', 'path': 'full/acf2531618d7a3728cb3223e5011c6da9a08eca7.jpg', 'checksum': '1633c5e08884cd59224f602ffc2900f0'}]","Latrobe, PA"
Salem College,979,148,"$25,356 (2014-15)",/best-colleges/salem-college-2960,http://colleges.usnews.rankingsandreviews.com/img/college-photo_16074._130x0.jpg,"[{'url': 'http://colleges.usnews.rankingsandreviews.com/img/college-photo_16074._130x0.jpg', 'path': 'full/32d4818f7a53ca8c8ea66d3c989c8bc019c31209.jpg', 'checksum': '8bcc9abdbc9816578e37a66f2dedcfa2'}]","Winston-Salem, NC"
Wells College,534,148,"$36,700 (2014-15)",/best-colleges/wells-college-2901,http://colleges.usnews.rankingsandreviews.com/img/college-photo_12030._130x0.JPG,"[{'url': 'http://colleges.usnews.rankingsandreviews.com/img/college-photo_12030._130x0.JPG', 'path': 'full/59a7a87637c7c4082ff3b9fbcaebf3ed29487988.jpg', 'checksum': '05e06c979279737289d4abe2a06eed1c'}]","Aurora, NY"
Illinois College,1010,155,"$29,210 (2014-15)",/best-colleges/illinois-college-1688,http://static.usnews.com/images/ah/education-school-image-default.png,"[{'url': 'http://static.usnews.com/images/ah/education-school-image-default.png', 'path': 'full/f14ee9e2f3817eeb49751889efbfb0b5643db72a.jpg', 'checksum': '683ccc0597a38a839942d8275b105350'}]","Jacksonville, IL"
Carthage College,2902,155,"$36,850 (2014-15)",/best-colleges/carthage-college-3839,http://colleges.usnews.rankingsandreviews.com/img/college-photo_24138._130x0.jpg,"[{'url': 'http://colleges.usnews.rankingsandreviews.com/img/college-photo_24138._130x0.jpg', 'path': 'full/7256e8ebdec13324c277e76b3ebf340dd2f5292d.jpg', 'checksum': '6c04b938aa9ae38b5114b609624666fd'}]","Kenosha, WI"
Georgetown College,1043,155,"$32,960 (2014-15)",/best-colleges/georgetown-college-1964,http://colleges.usnews.rankingsandreviews.com/img/college-photo_20479._130x0.jpg,"[{'url': 'http://colleges.usnews.rankingsandreviews.com/img/college-photo_20479._130x0.jpg', 'path': 'full/9a515dd0391475cca632a5a9b6e677cbcabdfe9d.jpg', 'checksum': '19624273510bc450d65c1cecd238247c'}]","Georgetown, KY"
William Jewell College,1043,155,"$31,620 (2014-15)",/best-colleges/william-jewell-2524,http://colleges.usnews.rankingsandreviews.com/img/college-photo_471._130x0.jpg,"[{'url': 'http://colleges.usnews.rankingsandreviews.com/img/college-photo_471._130x0.jpg', 'path': 'full/0fdb51950d0f0883b4e0e30789f2171fd48f1740.jpg', 'checksum': '8d3a961da02022e265725a903a1d80eb'}]","Liberty, MO"
Westminster College,1044,159,"$22,560 (2014-15)",/best-colleges/westminster-college-missouri-2523,http://static.usnews.com/images/ah/education-school-image-default.png,"[{'url': 'http://static.usnews.com/images/ah/education-school-image-default.png', 'path': 'full/f14ee9e2f3817eeb49751889efbfb0b5643db72a.jpg', 'checksum': '683ccc0597a38a839942d8275b105350'}]","Fulton, MO"
College of Idaho,1095,159,"$24,625 (2014-15)",/best-colleges/college-of-idaho-1617,http://colleges.usnews.rankingsandreviews.com/img/college-photo_20584._130x0.jpg,"[{'url': 'http://colleges.usnews.rankingsandreviews.com/img/college-photo_20584._130x0.jpg', 'path': 'full/db1e754d7202ac7c8940f442e5e2b5471c5f17c4.jpg', 'checksum': 'bf048d31816715c1ea02f0436412ee0b'}]","Caldwell, ID"
Lycoming College,1307,159,"$34,706 (2014-15)",/best-colleges/lycoming-college-3293,http://colleges.usnews.rankingsandreviews.com/img/college-photo_547._130x0.JPG,"[{'url': 'http://colleges.usnews.rankingsandreviews.com/img/college-photo_547._130x0.JPG', 'path': 'full/20e19a59caa9ffa872222c0fce65388eb4ce8269.jpg', 'checksum': '8f8bb5cda502e0d385b2546dcd043142'}]","Williamsport, PA"
University of North Carolina--Asheville,3736,159,"In-state: $6,392 (2014-15) Out-state: $21,263 (2014-15)",/best-colleges/unc-asheville-2907,http://colleges.usnews.rankingsandreviews.com/img/college-photo_18582._130x0.jpg,"[{'url': 'http://colleges.usnews.rankingsandreviews.com/img/college-photo_18582._130x0.jpg', 'path': 'full/54d02a23d0fb2909ef2e9e77cd9451232c9c982e.jpg', 'checksum': 'b7925a72de8becce6ef236faa944cae7'}]","Asheville, NC"
Wartburg College,1714,159,"$36,120 (2014-15)",/best-colleges/wartburg-college-1896,http://colleges.usnews.rankingsandreviews.com/img/college-photo_14075._130x0.jpg,"[{'url': 'http://colleges.usnews.rankingsandreviews.com/img/college-photo_14075._130x0.jpg', 'path': 'full/60ae310f09d6685c8a5133e41b3e318aef50fd85.jpg', 'checksum': '061a6c5539b80fece71b4e6d6b7190eb'}]","Waverly, IA"
Doane College,1113,164,"$27,200 (2014-15)",/best-colleges/doane-college-2544,http://colleges.usnews.rankingsandreviews.com/img/college-photo_6885._130x0.jpg,"[{'url': 'http://colleges.usnews.rankingsandreviews.com/img/college-photo_6885._130x0.jpg', 'path': 'full/b16fc418290801c6857b2d575a5d1842ce110015.jpg', 'checksum': '225bd8e256ca26e15bd7d81a03617e9d'}]","Crete, NE"
Fisk University,607,165,"$20,858 (2014-15)",/best-colleges/fisk-3490,http://static.usnews.com/images/ah/education-school-image-default.png,"[{'url': 'http://static.usnews.com/images/ah/education-school-image-default.png', 'path': 'full/f14ee9e2f3817eeb49751889efbfb0b5643db72a.jpg', 'checksum': '683ccc0597a38a839942d8275b105350'}]","Nashville, TN"
Massachusetts College of Liberal Arts,1538,165,"In-state: $8,975 (2014-15) Out-state: $17,920 (2014-15)",/best-colleges/mcla-2187,http://static.usnews.com/images/ah/education-school-image-default.png,"[{'url': 'http://static.usnews.com/images/ah/education-school-image-default.png', 'path': 'full/f14ee9e2f3817eeb49751889efbfb0b5643db72a.jpg', 'checksum': '683ccc0597a38a839942d8275b105350'}]","North Adams, MA"
Hartwick College,1615,165,"$40,070 (2014-15)",/best-colleges/hartwick-college-2729,http://colleges.usnews.rankingsandreviews.com/img/college-photo_16214._130x0.jpg,"[{'url': 'http://colleges.usnews.rankingsandreviews.com/img/college-photo_16214._130x0.jpg', 'path': 'full/4bccd9c11ab0b5294e477ff797d7551820bbf4a7.jpg', 'checksum': '4860a6b6eaf2f0cd724e87656cb63970'}]","Oneonta, NY"
Lyon College,592,165,"$24,300 (2014-15)",/best-colleges/lyon-college-1088,http://colleges.usnews.rankingsandreviews.com/img/college-photo_3165._130x0.JPG,"[{'url': 'http://colleges.usnews.rankingsandreviews.com/img/college-photo_3165._130x0.JPG', 'path': 'full/c3c9077c2d63270a9a80d1881064a5a3ff32bc07.jpg', 'checksum': '439e12552b1a9839a6b3d43172a85cd6'}]","Batesville, AR"
Monmouth College,1256,165,"$33,200 (2014-15)",/best-colleges/monmouth-college-1725,http://colleges.usnews.rankingsandreviews.com/img/college-photo_7993._130x0.jpg,"[{'url': 'http://colleges.usnews.rankingsandreviews.com/img/college-photo_7993._130x0.jpg', 'path': 'full/33e551d8fad673b58d0591bbddc58625fe9e9cd1.jpg', 'checksum': 'fee262f79fa0534e6198ef2a7c7ac465'}]","Monmouth, IL"
Warren Wilson College,830,165,"$30,852 (2014-15)",/best-colleges/warren-wilson-2979,http://colleges.usnews.rankingsandreviews.com/img/college-photo_11062._130x0.jpg,"[{'url': 'http://colleges.usnews.rankingsandreviews.com/img/college-photo_11062._130x0.jpg', 'path': 'full/be364e0f6783ed10c2592ea30f1a5ed28ef417de.jpg', 'checksum': '84f687691b4b4311d6f737659eadee3d'}]","Asheville, NC"
Purchase College--SUNY,4265,171,"In-state: $7,873 (2014-15) Out-state: $17,523 (2014-15)",/best-colleges/suny-purchase-6791,http://static.usnews.com/images/ah/education-school-image-default.png,"[{'url': 'http://static.usnews.com/images/ah/education-school-image-default.png', 'path': 'full/f14ee9e2f3817eeb49751889efbfb0b5643db72a.jpg', 'checksum': '683ccc0597a38a839942d8275b105350'}]","Purchase, NY"
Emory and Henry College,936,172,"$30,226 (2014-15)",/best-colleges/emory-and-henry-college-3709,http://static.usnews.com/images/ah/education-school-image-default.png,"[{'url': 'http://static.usnews.com/images/ah/education-school-image-default.png', 'path': 'full/f14ee9e2f3817eeb49751889efbfb0b5643db72a.jpg', 'checksum': '683ccc0597a38a839942d8275b105350'}]","Emory, VA"
Eastern Mennonite University,1184,172,"$29,350 (2013-14)",/best-colleges/eastern-mennonite-university-3708,http://colleges.usnews.rankingsandreviews.com/img/college-photo_18602._130x0.jpg,"[{'url': 'http://colleges.usnews.rankingsandreviews.com/img/college-photo_18602._130x0.jpg', 'path': 'full/0909bf2f60a8cae9ca2c72278ba6b089d8d9e18c.jpg', 'checksum': 'ccfba39c023dd5a3ee3cf8d7afeba67f'}]","Harrisonburg, VA"
Guilford College,2302,172,"$33,430 (2014-15)",/best-colleges/guilford-college-2931,http://colleges.usnews.rankingsandreviews.com/img/college-photo_12680._130x0.jpg,"[{'url': 'http://colleges.usnews.rankingsandreviews.com/img/college-photo_12680._130x0.jpg', 'path': 'full/15b091bac40457a3b2c485867699bfd6b0650b3f.jpg', 'checksum': '2862da6b1a11dd11debeaa9ccff18e45'}]","Greensboro, NC"
Northland College,553,172,"$31,480 (2014-15)",/best-colleges/northland-college-3875,http://colleges.usnews.rankingsandreviews.com/img/college-photo_2685._130x0.jpg,"[{'url': 'http://colleges.usnews.rankingsandreviews.com/img/college-photo_2685._130x0.jpg', 'path': 'full/4784ef480e193ed551a812f8083fdfdb71609852.jpg', 'checksum': 'fac2959e2db4b48f78209b43144c1193'}]","Ashland, WI"
Ouachita Baptist University,1543,176,"$23,320 (2014-15)",/best-colleges/ouachita-baptist-university-1102,http://colleges.usnews.rankingsandreviews.com/img/college-photo_4156._130x0.jpg,"[{'url': 'http://colleges.usnews.rankingsandreviews.com/img/college-photo_4156._130x0.jpg', 'path': 'full/5feea5ef2d9f9ece1aa961bb844b9d6c9d37e492.jpg', 'checksum': '5ccddfa205e65a41acd26604e9aade53'}]","Arkadelphia, AR"
Albright College,2349,177,"$38,220 (2014-15)",/best-colleges/albright-college-3229,http://colleges.usnews.rankingsandreviews.com/img/college-photo_11793._130x0.jpg,"[{'url': 'http://colleges.usnews.rankingsandreviews.com/img/college-photo_11793._130x0.jpg', 'path': 'full/bc199e3f6305b2c25ac0e0bcb0c6c9f3d1801a72.jpg', 'checksum': '819c38c52bdad1b0dd9ba9bfd4da8f4f'}]","Reading, PA"
Bridgewater College,1848,178,"$30,380 (2014-15)",/best-colleges/bridgewater-college-3704,http://colleges.usnews.rankingsandreviews.com/img/college-photo_16306._130x0.jpg,"[{'url': 'http://colleges.usnews.rankingsandreviews.com/img/college-photo_16306._130x0.jpg', 'path': 'full/91e40db8eeef27737eb72078a0b0437cbef4d316.jpg', 'checksum': 'b94613380f4fd49337a94a7ea3bb427e'}]","Bridgewater, VA"
Erskine College,605,178,"$31,280 (2014-15)",/best-colleges/erskine-college-3432,http://colleges.usnews.rankingsandreviews.com/img/college-photo_16513._130x0.png,"[{'url': 'http://colleges.usnews.rankingsandreviews.com/img/college-photo_16513._130x0.png', 'path': 'full/7e68cbea6a4e793bea0bd103127154664616efdf.jpg', 'checksum': '097406fc1489f6943cc1c9efbdc62247'}]","Due West, SC"
Wisconsin Lutheran College,1070,178,"$25,960 (2014-15)",/best-colleges/wisconsin-lutheran-21366,http://colleges.usnews.rankingsandreviews.com/img/college-photo_3590._130x0.JPG,"[{'url': 'http://colleges.usnews.rankingsandreviews.com/img/college-photo_3590._130x0.JPG', 'path': 'full/9eb157748679b26b3a5e5b7859a3bfcbccd65f2e.jpg', 'checksum': '88639245737386f9547c0cedafdb2fc0'}]","Milwaukee, WI"
Xavier University of Louisiana,2504,178,"$21,552 (2014-15)",/best-colleges/xavier-louisiana-2032,http://colleges.usnews.rankingsandreviews.com/img/college-photo_11473._130x0.jpg,"[{'url': 'http://colleges.usnews.rankingsandreviews.com/img/college-photo_11473._130x0.jpg', 'path': 'full/be237d4386598934dbceb4f05109e8f85c2bc7bd.jpg', 'checksum': '025c3f64d2818ec0fd96e3f59e3b136c'}]","New Orleans, LA"
